title,video_id,youtube_url,thumbnail_url,published_at,category
VID 20240315 163725 00 230,JXd_gtAFgXA,https://www.youtube.com/watch?v=JXd_gtAFgXA,https://i.ytimg.com/vi/JXd_gtAFgXA/hqdefault.jpg,2024-03-22T20:33:34Z,
people mover,ChPUwEulECM,https://www.youtube.com/watch?v=ChPUwEulECM,https://i9.ytimg.com/vi/ChPUwEulECM/hqdefault.jpg?sqp=CPCHwtEG&rs=AOn4CLBmzx-dyDDK-5TezQVzWBuuBNa6VQ,2024-03-22T20:21:44Z,
Fortnite_20221204195703,qwtb-OMqPe4,https://www.youtube.com/watch?v=qwtb-OMqPe4,https://i.ytimg.com/vi/qwtb-OMqPe4/maxresdefault.jpg,2022-12-05T01:04:47Z,
Cypress Walk,DF3Lgyv8JUk,https://www.youtube.com/watch?v=DF3Lgyv8JUk,https://i9.ytimg.com/vi/DF3Lgyv8JUk/maxresdefault.jpg?sqp=CPCHwtEG&rs=AOn4CLAYm78h-9MUp--PL4nRmL9NO8qJ_Q,2022-02-22T13:37:32Z,
Fortnite_20220108090929,-tCJVx3lYfs,https://www.youtube.com/watch?v=-tCJVx3lYfs,https://i.ytimg.com/vi/-tCJVx3lYfs/maxresdefault.jpg,2022-01-08T14:15:05Z,
Call of Duty®: Modern Warfare®_20210630022002,0w4X4VVHqS0,https://www.youtube.com/watch?v=0w4X4VVHqS0,https://i.ytimg.com/vi/0w4X4VVHqS0/hqdefault.jpg,2021-06-30T06:32:44Z,
Call of Duty®: Modern Warfare®_20210516222031,yyJO-x1mAcc,https://www.youtube.com/watch?v=yyJO-x1mAcc,https://i.ytimg.com/vi/yyJO-x1mAcc/maxresdefault.jpg,2021-05-17T03:30:20Z,
Call of Duty®: Modern Warfare®_20210514003230,wq1x1KH3KTU,https://www.youtube.com/watch?v=wq1x1KH3KTU,https://i.ytimg.com/vi/wq1x1KH3KTU/hqdefault.jpg,2021-05-14T05:03:31Z,
Call of Duty®: Modern Warfare®_20210513001156,0Y8nZlAGchU,https://www.youtube.com/watch?v=0Y8nZlAGchU,https://i.ytimg.com/vi/0Y8nZlAGchU/hqdefault.jpg,2021-05-13T05:00:35Z,
Sylvia's Grad,aI-NV8f2YfE,https://www.youtube.com/watch?v=aI-NV8f2YfE,https://i9.ytimg.com/vi/aI-NV8f2YfE/hqdefault.jpg?sqp=CPCHwtEG&rs=AOn4CLDRW7XZePjpUx6wxiOLi2zlqbjSWA,2020-12-23T16:38:00Z,
HAUGESUND,oi37D-usQ8w,https://www.youtube.com/watch?v=oi37D-usQ8w,https://i9.ytimg.com/vi/oi37D-usQ8w/hqdefault.jpg?sqp=CPCHwtEG&rs=AOn4CLDBJsvh-UuqNSt_nQneUWe5JRlQgQ,2020-12-23T16:19:07Z,
EDSGRAD,i2YvlHD_LvE,https://www.youtube.com/watch?v=i2YvlHD_LvE,https://i9.ytimg.com/vi/i2YvlHD_LvE/hqdefault.jpg?sqp=CPCHwtEG&rs=AOn4CLBthpZ8CSXL0K11-0xycJbc6edAaw,2020-12-23T16:03:15Z,
Christmas1962,7tH2ncn-lxU,https://www.youtube.com/watch?v=7tH2ncn-lxU,https://i9.ytimg.com/vi/7tH2ncn-lxU/hqdefault.jpg?sqp=CPCHwtEG&rs=AOn4CLDN4aIvbz7NslPY3WghPcwfVUPigw,2020-12-23T15:46:54Z,
Christmas1961,FfXR9UFEaoo,https://www.youtube.com/watch?v=FfXR9UFEaoo,https://i9.ytimg.com/vi/FfXR9UFEaoo/hqdefault.jpg?sqp=CPCHwtEG&rs=AOn4CLCueuJ4FTB-hxUDj9-KkV8wv0EMYA,2020-12-23T15:22:48Z,
Christmas1959,0mVu7etBnNg,https://www.youtube.com/watch?v=0mVu7etBnNg,https://i9.ytimg.com/vi/0mVu7etBnNg/hqdefault.jpg?sqp=CPCHwtEG&rs=AOn4CLAkWSw8NcnrQqimMB2oPo9onwe0ww,2020-12-23T15:03:32Z,
CHRISTMAS74 75,zD9W_NI3Sd0,https://www.youtube.com/watch?v=zD9W_NI3Sd0,https://i9.ytimg.com/vi/zD9W_NI3Sd0/hqdefault.jpg?sqp=CPCHwtEG&rs=AOn4CLBwEoiActwMPu4AXU4hZAIiFeoQlg,2020-12-23T14:03:52Z,
Christmas 1960,GlrIWgfvASA,https://www.youtube.com/watch?v=GlrIWgfvASA,https://i9.ytimg.com/vi/GlrIWgfvASA/hqdefault.jpg?sqp=CPCHwtEG&rs=AOn4CLCj8g6qsS-QWIl2m4BUaZeEv6vRzQ,2020-12-23T04:15:19Z,
NORWAY1958,i53P4LJvVMI,https://www.youtube.com/watch?v=i53P4LJvVMI,https://i9.ytimg.com/vi/i53P4LJvVMI/hqdefault.jpg?sqp=CPCHwtEG&rs=AOn4CLDsNOXhjw4HyWTYpOXGu-y94fqYYw,2020-12-23T03:37:59Z,
SylviasWeddingShower,Yr1gQKF9VoA,https://www.youtube.com/watch?v=Yr1gQKF9VoA,https://i9.ytimg.com/vi/Yr1gQKF9VoA/hqdefault.jpg?sqp=CPCHwtEG&rs=AOn4CLDEUzcJs3zxA509bWFsAXVR3DgX3A,2020-12-23T03:24:05Z,
Sylvia Ed Honeymoon,-4oJb60tM_0,https://www.youtube.com/watch?v=-4oJb60tM_0,https://i9.ytimg.com/vi/-4oJb60tM_0/hqdefault.jpg?sqp=CPCHwtEG&rs=AOn4CLA4CCrU4Q1-VuZBJvwsf22HdqIgLg,2020-12-23T03:01:47Z,
Sylvia and Ed's Wedding,SwwKJqd7pfQ,https://www.youtube.com/watch?v=SwwKJqd7pfQ,https://i9.ytimg.com/vi/SwwKJqd7pfQ/hqdefault.jpg?sqp=CPCHwtEG&rs=AOn4CLCuPeRDkmSzyBP495TZ7gV2014ALg,2020-12-23T02:35:25Z,
Severino Special,bsIlygRbhfM,https://www.youtube.com/watch?v=bsIlygRbhfM,https://i9.ytimg.com/vi/bsIlygRbhfM/maxresdefault.jpg?sqp=CPCHwtEG&rs=AOn4CLAz39pHWgv4HcYr6nNYKWlBdO7FLw,2020-12-19T05:38:28Z,
A Moberg Christmas Special,IBdP1lqLsyM,https://www.youtube.com/watch?v=IBdP1lqLsyM,https://i9.ytimg.com/vi/IBdP1lqLsyM/maxresdefault.jpg?sqp=CPCHwtEG&rs=AOn4CLDQa0TztjGVFKQCccZVMgofbNRl_Q,2020-12-19T02:18:54Z,
2013 KRISTEN 21,8T1PskyegOU,https://www.youtube.com/watch?v=8T1PskyegOU,https://i9.ytimg.com/vi/8T1PskyegOU/hqdefault.jpg?sqp=CPCHwtEG&rs=AOn4CLBq3-Cz_fn2SqwiNVAS1z-k3hjJMQ,2020-08-27T00:03:33Z,
2012 FREDDY BIRTHDAY,fmTzZZkX8dw,https://www.youtube.com/watch?v=fmTzZZkX8dw,https://i9.ytimg.com/vi/fmTzZZkX8dw/hqdefault.jpg?sqp=CPCHwtEG&rs=AOn4CLBJWthvIKLW828RZuP7eCj7SqB8IQ,2020-08-27T00:03:26Z,
2011 Christmas,NED4rgKDhEI,https://www.youtube.com/watch?v=NED4rgKDhEI,https://i9.ytimg.com/vi/NED4rgKDhEI/hqdefault.jpg?sqp=CPCHwtEG&rs=AOn4CLCuSx6CRdkay831hohotkG182T2Tw,2020-08-27T00:03:20Z,
2010 Vow Renewal,o_NDdk4RHkE,https://www.youtube.com/watch?v=o_NDdk4RHkE,https://i9.ytimg.com/vi/o_NDdk4RHkE/hqdefault.jpg?sqp=CPCHwtEG&rs=AOn4CLBqEQWWGJ60MhVZVqEVfxDn64bLSA,2020-08-27T00:02:12Z,
2010 Christmas,_SrJp5_nDv0,https://www.youtube.com/watch?v=_SrJp5_nDv0,https://i9.ytimg.com/vi/_SrJp5_nDv0/hqdefault.jpg?sqp=CPCHwtEG&rs=AOn4CLDMoKc-CDZ-mK8pNrpzoK28ntPUmg,2020-08-27T00:01:21Z,
2009 CHRISTMAS,-_zGeijSBR8,https://www.youtube.com/watch?v=-_zGeijSBR8,https://i9.ytimg.com/vi/-_zGeijSBR8/hqdefault.jpg?sqp=CPCHwtEG&rs=AOn4CLB9sYBL3_OucZbN0HCFWuTBTQOyrQ,2020-08-26T23:59:30Z,
2008 thanksgiving,cEtke2r5_lw,https://www.youtube.com/watch?v=cEtke2r5_lw,https://i9.ytimg.com/vi/cEtke2r5_lw/hqdefault.jpg?sqp=CPCHwtEG&rs=AOn4CLCqNt4TDrDoOtzKhnz2SKIsqDTujA,2020-08-26T23:59:13Z,
Palisades,vlo665-DqbY,https://www.youtube.com/watch?v=vlo665-DqbY,https://i9.ytimg.com/vi/vlo665-DqbY/hqdefault.jpg?sqp=CPCHwtEG&rs=AOn4CLDmCvYcnwzklbebo4O15BsUmb67Tg,2020-08-26T05:04:23Z,
Ted Birthday,ujsmYO94hS0,https://www.youtube.com/watch?v=ujsmYO94hS0,https://i9.ytimg.com/vi/ujsmYO94hS0/hqdefault.jpg?sqp=CPCHwtEG&rs=AOn4CLBBfvhXvvQHGtDa-0h1B39eZlL0qg,2020-08-26T05:02:36Z,
train trip,PoCjKsQZkC0,https://www.youtube.com/watch?v=PoCjKsQZkC0,https://i9.ytimg.com/vi/PoCjKsQZkC0/hqdefault.jpg?sqp=CPCHwtEG&rs=AOn4CLCiCJy951isEACP3s-SIMr5OdkyIg,2020-08-26T04:39:20Z,
Christmas2,0BGpqUkaa8o,https://www.youtube.com/watch?v=0BGpqUkaa8o,https://i9.ytimg.com/vi/0BGpqUkaa8o/hqdefault.jpg?sqp=CPCHwtEG&rs=AOn4CLDtNTMLeeT5MJSbj4J07NrV47iPVg,2020-08-26T04:19:26Z,
Catskill Game Farm,MkiHpuZH_h4,https://www.youtube.com/watch?v=MkiHpuZH_h4,https://i9.ytimg.com/vi/MkiHpuZH_h4/hqdefault.jpg?sqp=CPCHwtEG&rs=AOn4CLBgQy8I9D_2YTA7lOU1twBmoSx0OQ,2020-08-26T04:18:56Z,
communion,eqIxMSxFKe4,https://www.youtube.com/watch?v=eqIxMSxFKe4,https://i9.ytimg.com/vi/eqIxMSxFKe4/hqdefault.jpg?sqp=CPCHwtEG&rs=AOn4CLDR7XdzhkF6OUlfGVValyfropd3Qg,2020-08-26T04:16:18Z,
LI Game Farm and Amusement Parks,6mq67JNarso,https://www.youtube.com/watch?v=6mq67JNarso,https://i9.ytimg.com/vi/6mq67JNarso/hqdefault.jpg?sqp=CPCHwtEG&rs=AOn4CLCWXZ0mgqKQ3EwCVHa8Xx_s_xM6XA,2020-08-26T04:15:53Z,
Christmas,jCt9T_ffQCI,https://www.youtube.com/watch?v=jCt9T_ffQCI,https://i9.ytimg.com/vi/jCt9T_ffQCI/hqdefault.jpg?sqp=CPCHwtEG&rs=AOn4CLDjRNbXclR2Gr1ar2jK82vGhWSDWg,2020-08-26T04:15:35Z,
Beach,5V0IufbS8_Q,https://www.youtube.com/watch?v=5V0IufbS8_Q,https://i9.ytimg.com/vi/5V0IufbS8_Q/hqdefault.jpg?sqp=CPCHwtEG&rs=AOn4CLDSCvtGwX09w4k9Z49xklJTfV_T7Q,2020-08-26T04:11:58Z,
At Home,CvmRc-9Jum4,https://www.youtube.com/watch?v=CvmRc-9Jum4,https://i9.ytimg.com/vi/CvmRc-9Jum4/hqdefault.jpg?sqp=CPCHwtEG&rs=AOn4CLBf0lMtw38ZQTFI1GByWYolaptM9g,2020-08-26T04:10:59Z,
1997 Sheila Tommy Birthday,rYE930ScbwU,https://www.youtube.com/watch?v=rYE930ScbwU,https://i9.ytimg.com/vi/rYE930ScbwU/hqdefault.jpg?sqp=CPCHwtEG&rs=AOn4CLBfQR5efF_MbHsaxslERIiNREbjhw,2020-08-24T19:13:10Z,
1997 Memorial Day,cIE_oTOuYfo,https://www.youtube.com/watch?v=cIE_oTOuYfo,https://i9.ytimg.com/vi/cIE_oTOuYfo/hqdefault.jpg?sqp=CPCHwtEG&rs=AOn4CLCX3dUBFd2pf2WPd072KI9mphcRag,2020-08-24T19:12:16Z,
1998 FLORIDA,bVEa1dkdFfQ,https://www.youtube.com/watch?v=bVEa1dkdFfQ,https://i9.ytimg.com/vi/bVEa1dkdFfQ/hqdefault.jpg?sqp=CPCHwtEG&rs=AOn4CLA4x4p1XiYx5I-R12Rz_Pq6og-GRw,2020-08-24T19:10:57Z,
1997 FATHERS DAY,K3vCjE1usMU,https://www.youtube.com/watch?v=K3vCjE1usMU,https://i9.ytimg.com/vi/K3vCjE1usMU/hqdefault.jpg?sqp=CPCHwtEG&rs=AOn4CLACbuB5piPF9t-hkCh2M_-4r-tqWw,2020-08-24T19:10:41Z,
1997 Florida Tommy Tony,2YAlNVkxDGQ,https://www.youtube.com/watch?v=2YAlNVkxDGQ,https://i9.ytimg.com/vi/2YAlNVkxDGQ/hqdefault.jpg?sqp=CPCHwtEG&rs=AOn4CLAN5FWCS03m4AWGV3z_9BRfhYRm3A,2020-08-24T19:09:31Z,
1999 HERSHEY PARK,jXECYMO5-gM,https://www.youtube.com/watch?v=jXECYMO5-gM,https://i9.ytimg.com/vi/jXECYMO5-gM/hqdefault.jpg?sqp=CPCHwtEG&rs=AOn4CLCSkU3DxkJDiFy8B6LcNEXXEa_uzQ,2020-08-24T17:25:59Z,
2000 HALLOWEEN,dFgM4sk273w,https://www.youtube.com/watch?v=dFgM4sk273w,https://i9.ytimg.com/vi/dFgM4sk273w/hqdefault.jpg?sqp=CPCHwtEG&rs=AOn4CLDzoLSRwuCiPznDpexiI7QbKhSeCQ,2020-08-24T17:24:48Z,
1998 THANKSGIVING,FOKF4BebXX0,https://www.youtube.com/watch?v=FOKF4BebXX0,https://i9.ytimg.com/vi/FOKF4BebXX0/hqdefault.jpg?sqp=CPCHwtEG&rs=AOn4CLCzFzxaD4OCPbNxi1jXdcegVwRSuQ,2020-08-24T17:24:11Z,
1999 GRANDMA QUINN,Ez4nek9G0V0,https://www.youtube.com/watch?v=Ez4nek9G0V0,https://i9.ytimg.com/vi/Ez4nek9G0V0/hqdefault.jpg?sqp=CPCHwtEG&rs=AOn4CLBDIwZNaY4X23RUDvDV6XsFeEOTcA,2020-08-24T17:23:51Z,
1999 ANTHONY BIRTHDAY,LDvRc0FGU4M,https://www.youtube.com/watch?v=LDvRc0FGU4M,https://i9.ytimg.com/vi/LDvRc0FGU4M/hqdefault.jpg?sqp=CPCHwtEG&rs=AOn4CLCizBGJa4IG2o2eT2zaTMi6v37kEQ,2020-08-24T17:23:31Z,
1998 TED KEVIN BIRTHDAY,uYAnhbEMvkA,https://www.youtube.com/watch?v=uYAnhbEMvkA,https://i9.ytimg.com/vi/uYAnhbEMvkA/hqdefault.jpg?sqp=CPCHwtEG&rs=AOn4CLAIYnn9URmcAw4cvjs1WGox2WXLLQ,2020-08-24T17:22:51Z,
1997 Tony Birthday,Dn7HcPAUDAc,https://www.youtube.com/watch?v=Dn7HcPAUDAc,https://i9.ytimg.com/vi/Dn7HcPAUDAc/hqdefault.jpg?sqp=CPCHwtEG&rs=AOn4CLA3AK_KbDu0gYfjwkl6cDgM0_4tCQ,2020-08-24T17:19:47Z,
1998 ANTHONY SECOND BIRTHDAY,YeviWSQiYIE,https://www.youtube.com/watch?v=YeviWSQiYIE,https://i9.ytimg.com/vi/YeviWSQiYIE/hqdefault.jpg?sqp=CPCHwtEG&rs=AOn4CLAaLZadgKbaD89Z5rim-ZLOC9viuw,2020-08-24T17:19:28Z,
1998 EASTER,OJmzrRWcL7k,https://www.youtube.com/watch?v=OJmzrRWcL7k,https://i9.ytimg.com/vi/OJmzrRWcL7k/hqdefault.jpg?sqp=CPCHwtEG&rs=AOn4CLChtCItp0VOGJZ9RmQ102a2Dedn2Q,2020-08-24T17:18:38Z,
1998 HALLOWEEN,PdUlbV4VH-I,https://www.youtube.com/watch?v=PdUlbV4VH-I,https://i9.ytimg.com/vi/PdUlbV4VH-I/hqdefault.jpg?sqp=CPCHwtEG&rs=AOn4CLDdE0NNWfw106lwkPhFX2bMVhrGYg,2020-08-24T17:18:24Z,
1998 Alex Birthday,pTRNm2lvhuM,https://www.youtube.com/watch?v=pTRNm2lvhuM,https://i9.ytimg.com/vi/pTRNm2lvhuM/hqdefault.jpg?sqp=CPCHwtEG&rs=AOn4CLA-m3SU6Nq8cHKAXpmA79aNgPHknQ,2020-08-24T17:18:08Z,
1998 ALEX COMMUNION AND PARTY,6-N5q_YivCA,https://www.youtube.com/watch?v=6-N5q_YivCA,https://i9.ytimg.com/vi/6-N5q_YivCA/hqdefault.jpg?sqp=CPCHwtEG&rs=AOn4CLDwaOBzABMqph0bUrzCpHXHf7UvMw,2020-08-24T17:17:35Z,
1996 Halloween,KhEctI_uePU,https://www.youtube.com/watch?v=KhEctI_uePU,https://i9.ytimg.com/vi/KhEctI_uePU/hqdefault.jpg?sqp=CPCHwtEG&rs=AOn4CLAQ35FCwK_ZSeOHVTdgkMVj21J4Sw,2020-08-24T17:17:28Z,
1997 Anthony First,9wK1_S07YCk,https://www.youtube.com/watch?v=9wK1_S07YCk,https://i9.ytimg.com/vi/9wK1_S07YCk/hqdefault.jpg?sqp=CPCHwtEG&rs=AOn4CLDRwhlK5u-x0_sbS_bFqXTuJjoWrg,2020-08-24T17:16:35Z,
1996 Easter,xzltK30uHEA,https://www.youtube.com/watch?v=xzltK30uHEA,https://i9.ytimg.com/vi/xzltK30uHEA/hqdefault.jpg?sqp=CPCHwtEG&rs=AOn4CLB_2QG5CD08IpGOLNW710rpZhrSXA,2020-08-24T17:16:23Z,
1996 ALEX BIRTHDAY,fwAgXxcJYi4,https://www.youtube.com/watch?v=fwAgXxcJYi4,https://i9.ytimg.com/vi/fwAgXxcJYi4/hqdefault.jpg?sqp=CPCHwtEG&rs=AOn4CLAGPlY0pP5zasaSDoyfuMrqSEApdQ,2020-08-24T17:16:09Z,
1999 TONY BIRTHDAY,WTUeO7p01nk,https://www.youtube.com/watch?v=WTUeO7p01nk,https://i9.ytimg.com/vi/WTUeO7p01nk/hqdefault.jpg?sqp=CPCHwtEG&rs=AOn4CLCRjN17UzGcvrMNKEkmVxR6G7dcCg,2020-08-15T17:56:51Z,
2002 FEB BATON,Sr61OWGfEnM,https://www.youtube.com/watch?v=Sr61OWGfEnM,https://i9.ytimg.com/vi/Sr61OWGfEnM/hqdefault.jpg?sqp=CPCHwtEG&rs=AOn4CLChXUlrfQICWmu7b5WdpW-ZA-9KEA,2020-08-13T14:37:14Z,
2001 Wizard of Oz,kh1RqTkQT3M,https://www.youtube.com/watch?v=kh1RqTkQT3M,https://i9.ytimg.com/vi/kh1RqTkQT3M/hqdefault.jpg?sqp=CPCHwtEG&rs=AOn4CLCYGtTHVlDvZStF0VYJZpREjRcsgg,2020-08-13T14:37:01Z,
2002 Christmas Morning,cjWrozZsRT4,https://www.youtube.com/watch?v=cjWrozZsRT4,https://i9.ytimg.com/vi/cjWrozZsRT4/hqdefault.jpg?sqp=CPCHwtEG&rs=AOn4CLAvDT0aB_iAKHWAW1fHMoFWVRRmKw,2020-08-13T14:36:12Z,
2003 KRISTEN GRAD,a0D3xiqp1os,https://www.youtube.com/watch?v=a0D3xiqp1os,https://i9.ytimg.com/vi/a0D3xiqp1os/hqdefault.jpg?sqp=CPCHwtEG&rs=AOn4CLAkapvbjKX1-Z98U0xjqf9oZ50Ppw,2020-08-13T14:33:30Z,
2006 Rosie Pregnant,lTeOo72NnVU,https://www.youtube.com/watch?v=lTeOo72NnVU,https://i9.ytimg.com/vi/lTeOo72NnVU/hqdefault.jpg?sqp=CPCHwtEG&rs=AOn4CLDIasphUGxv7F5nuKnkJKK0p8Y57A,2020-08-13T14:30:54Z,
2002 Kristen Soccer,Zpn7JWOES_E,https://www.youtube.com/watch?v=Zpn7JWOES_E,https://i9.ytimg.com/vi/Zpn7JWOES_E/hqdefault.jpg?sqp=CPCHwtEG&rs=AOn4CLBw7oV6WZvAbpEHfJ4xSLcOCypaRw,2020-08-13T14:30:42Z,
2002 TED'S 40TH BIRTHDAY,58uEr91pYiE,https://www.youtube.com/watch?v=58uEr91pYiE,https://i9.ytimg.com/vi/58uEr91pYiE/hqdefault.jpg?sqp=CPCHwtEG&rs=AOn4CLAe8jNyE9N9rSxLQZ4ETp1W29_S1Q,2020-08-13T14:28:50Z,
2005 APRIL TALENT SHOW KRISTEN,gOfre9gRmFE,https://www.youtube.com/watch?v=gOfre9gRmFE,https://i9.ytimg.com/vi/gOfre9gRmFE/hqdefault.jpg?sqp=CPCHwtEG&rs=AOn4CLA5DTxt7fHBbFF2-t--xdaHSJ8enA,2020-08-13T14:28:34Z,
2005 MATTITUCK HOUSE TOUR,lFkTIBC8fUg,https://www.youtube.com/watch?v=lFkTIBC8fUg,https://i9.ytimg.com/vi/lFkTIBC8fUg/hqdefault.jpg?sqp=CPCHwtEG&rs=AOn4CLBy58uS4uuRc1wnA1uvlsuI3l0RLQ,2020-08-13T14:26:31Z,
2006 NP House Tour,Vlp6cnTrbaY,https://www.youtube.com/watch?v=Vlp6cnTrbaY,https://i9.ytimg.com/vi/Vlp6cnTrbaY/hqdefault.jpg?sqp=CPCHwtEG&rs=AOn4CLD9Y90KSXqBFlpDa-dPllkqt5FjAg,2020-08-13T14:25:47Z,
2002 Grand Cayman,_Y87_nGqoIc,https://www.youtube.com/watch?v=_Y87_nGqoIc,https://i9.ytimg.com/vi/_Y87_nGqoIc/hqdefault.jpg?sqp=CPCHwtEG&rs=AOn4CLCkNYo9HTwIc8WcdakBxEzaD2NptQ,2020-08-13T14:24:26Z,
2002 HOUSE TOUR 1,uG8VDQ02C6c,https://www.youtube.com/watch?v=uG8VDQ02C6c,https://i9.ytimg.com/vi/uG8VDQ02C6c/hqdefault.jpg?sqp=CPCHwtEG&rs=AOn4CLC86vtI8fjw35Tl5YWfCJ4ldfJ4ZA,2020-08-13T14:23:02Z,
2001 Tony 40th,HLBQd0QluCU,https://www.youtube.com/watch?v=HLBQd0QluCU,https://i9.ytimg.com/vi/HLBQd0QluCU/hqdefault.jpg?sqp=CPCHwtEG&rs=AOn4CLCNPk2i1Q78p5_-A8KwFBDQK8u4rg,2020-08-13T14:22:10Z,
2001 WILLIAMSBURG TRIP,u7lKi5Zx2tU,https://www.youtube.com/watch?v=u7lKi5Zx2tU,https://i9.ytimg.com/vi/u7lKi5Zx2tU/hqdefault.jpg?sqp=CPCHwtEG&rs=AOn4CLBW_JymxI1NqHjnZn4m1SpYVGF-XA,2020-08-13T14:21:47Z,
2001 Kristen's Birthday,-a5otCnFIrM,https://www.youtube.com/watch?v=-a5otCnFIrM,https://i9.ytimg.com/vi/-a5otCnFIrM/hqdefault.jpg?sqp=CPCHwtEG&rs=AOn4CLAl5UZBJVOXlkEnTX3sVTIKP0dutA,2020-08-13T14:19:43Z,
2000 kevin school,xuof_875P6o,https://www.youtube.com/watch?v=xuof_875P6o,https://i9.ytimg.com/vi/xuof_875P6o/hqdefault.jpg?sqp=CPCHwtEG&rs=AOn4CLCHhS6_yP-AkfTpJZ8wQXCkmnMcig,2020-08-13T02:51:50Z,
2001 st patricks,qmpl5gT8IOY,https://www.youtube.com/watch?v=qmpl5gT8IOY,https://i9.ytimg.com/vi/qmpl5gT8IOY/hqdefault.jpg?sqp=CPCHwtEG&rs=AOn4CLBD8Az3jyn7P4UenGC-43B_6kX0Eg,2020-08-13T02:26:37Z,
2001 kristen luau,Nw9AL10T8SA,https://www.youtube.com/watch?v=Nw9AL10T8SA,https://i9.ytimg.com/vi/Nw9AL10T8SA/hqdefault.jpg?sqp=CPCHwtEG&rs=AOn4CLB-TlHeULClXtpLdmv2W3KeIsEVDA,2020-08-13T02:19:23Z,
2001 kristen after school,nNv8hCxT17M,https://www.youtube.com/watch?v=nNv8hCxT17M,https://i9.ytimg.com/vi/nNv8hCxT17M/hqdefault.jpg?sqp=CPCHwtEG&rs=AOn4CLDbcHmnr5YDNByITCUo3yyr32g3eA,2020-08-13T02:18:01Z,
2001 kevin ted birthday,q44geqN1Jbo,https://www.youtube.com/watch?v=q44geqN1Jbo,https://i9.ytimg.com/vi/q44geqN1Jbo/hqdefault.jpg?sqp=CPCHwtEG&rs=AOn4CLCT9rkbeL0_zVYB-AlFW2oAgDA6FA,2020-08-13T02:17:59Z,
2001 kristen baton recital,I03brTQdWJE,https://www.youtube.com/watch?v=I03brTQdWJE,https://i9.ytimg.com/vi/I03brTQdWJE/hqdefault.jpg?sqp=CPCHwtEG&rs=AOn4CLADW5-Wa7P7kvXPzDeuKdZvkQie5A,2020-08-13T02:17:34Z,
2001 hilby,-vCC7kSHSPs,https://www.youtube.com/watch?v=-vCC7kSHSPs,https://i9.ytimg.com/vi/-vCC7kSHSPs/hqdefault.jpg?sqp=CPCHwtEG&rs=AOn4CLB3hZ4_O_jEu-EwGeTOGeiZEXvbqQ,2020-08-13T01:52:13Z,
2001 epcot,x_fj5RCIIts,https://www.youtube.com/watch?v=x_fj5RCIIts,https://i9.ytimg.com/vi/x_fj5RCIIts/hqdefault.jpg?sqp=CPCHwtEG&rs=AOn4CLAEr5l1rtHW9IbM9FTVLdEBX-ubzw,2020-08-13T01:50:46Z,
2001 christmas eve moberg,7zg2qq4mBo8,https://www.youtube.com/watch?v=7zg2qq4mBo8,https://i9.ytimg.com/vi/7zg2qq4mBo8/hqdefault.jpg?sqp=CPCHwtEG&rs=AOn4CLCtLVdhsHR5zBXpNrLDWfaL7cbuKg,2020-08-13T01:37:02Z,
2001 anthony's 5th bday,ABEf2KioSBw,https://www.youtube.com/watch?v=ABEf2KioSBw,https://i9.ytimg.com/vi/ABEf2KioSBw/hqdefault.jpg?sqp=CPCHwtEG&rs=AOn4CLDin2eULxdZFdSW1L-ihUbhvi9hOA,2020-08-13T01:29:06Z,
2001 montauk,dITcsZuK9Zk,https://www.youtube.com/watch?v=dITcsZuK9Zk,https://i9.ytimg.com/vi/dITcsZuK9Zk/hqdefault.jpg?sqp=CPCHwtEG&rs=AOn4CLBWblYyNK6MACk2h3I2sCGowoqcyw,2020-08-13T01:28:19Z,
2000 grant's birthday,wPPr13bOVkU,https://www.youtube.com/watch?v=wPPr13bOVkU,https://i9.ytimg.com/vi/wPPr13bOVkU/hqdefault.jpg?sqp=CPCHwtEG&rs=AOn4CLBYon3as7gyn-dl75pOUhFXpSKzkw,2020-08-13T01:24:22Z,
2000 easter,YH1QNXyF63A,https://www.youtube.com/watch?v=YH1QNXyF63A,https://i9.ytimg.com/vi/YH1QNXyF63A/hqdefault.jpg?sqp=CPCHwtEG&rs=AOn4CLDthqJ0TOuPkm8UeGUdrN2Xz6Rsuw,2020-08-13T01:21:48Z,
2001 christmas eve grandpa reading,IIAD8c1m5FM,https://www.youtube.com/watch?v=IIAD8c1m5FM,https://i9.ytimg.com/vi/IIAD8c1m5FM/hqdefault.jpg?sqp=CPCHwtEG&rs=AOn4CLCOu_RPW0wz-UFKHmKbpO925emugw,2020-08-13T01:08:13Z,
2000 GMA QUINN 88,c18QcR86JwU,https://www.youtube.com/watch?v=c18QcR86JwU,https://i9.ytimg.com/vi/c18QcR86JwU/hqdefault.jpg?sqp=CPCHwtEG&rs=AOn4CLBlBmMkSGlraLE4AMOB1V271_cOvA,2020-08-12T20:07:37Z,
2000 HALLOWEEN,OaRc0A837vY,https://www.youtube.com/watch?v=OaRc0A837vY,https://i9.ytimg.com/vi/OaRc0A837vY/hqdefault.jpg?sqp=CPCHwtEG&rs=AOn4CLCMSV-8y5YM9ueP3SJNbsSihonF-Q,2020-08-12T20:02:56Z,
2000 DAWN POPPY BIRTHDAY,dApr6q2cfEU,https://www.youtube.com/watch?v=dApr6q2cfEU,https://i9.ytimg.com/vi/dApr6q2cfEU/hqdefault.jpg?sqp=CPCHwtEG&rs=AOn4CLDAK8QTmYZx2DhWcocVYZvmCe8-WA,2020-08-12T20:02:28Z,
2000 Dawn Birthday,RmClvyUtyW4,https://www.youtube.com/watch?v=RmClvyUtyW4,https://i9.ytimg.com/vi/RmClvyUtyW4/hqdefault.jpg?sqp=CPCHwtEG&rs=AOn4CLD4euisRCqy_CeYd1f0zRIMK_tvog,2020-08-12T19:55:18Z,
2000 BIRTHDAY KRISTEN,t6lsbAULVB4,https://www.youtube.com/watch?v=t6lsbAULVB4,https://i9.ytimg.com/vi/t6lsbAULVB4/hqdefault.jpg?sqp=CPCHwtEG&rs=AOn4CLB3e0IVdkGppCoo0Gx5mLX-WQJfNw,2020-08-12T19:49:37Z,
2000 BASEBALL CHAMPIONSHIP,xOae8N0fzE0,https://www.youtube.com/watch?v=xOae8N0fzE0,https://i9.ytimg.com/vi/xOae8N0fzE0/hqdefault.jpg?sqp=CPCHwtEG&rs=AOn4CLBmv-1B69V-ov4eXq5zOOqUqYMSeQ,2020-08-12T19:38:54Z,
2000 ANTHONY 4TH BDAY,17pxWkAIXA0,https://www.youtube.com/watch?v=17pxWkAIXA0,https://i9.ytimg.com/vi/17pxWkAIXA0/hqdefault.jpg?sqp=CPCHwtEG&rs=AOn4CLBoFpWJtshtfGcIbybis69Hh21tHA,2020-08-12T19:37:14Z,
1999 LUKE HILLCREST,wM0gf9rzCpM,https://www.youtube.com/watch?v=wM0gf9rzCpM,https://i9.ytimg.com/vi/wM0gf9rzCpM/hqdefault.jpg?sqp=CPCHwtEG&rs=AOn4CLDW_9ywpS_Bg80x21JEohMHncnqcA,2020-08-12T19:35:08Z,
1999 ALEX BIRTHDAY,ZX-knCitRzs,https://www.youtube.com/watch?v=ZX-knCitRzs,https://i9.ytimg.com/vi/ZX-knCitRzs/hqdefault.jpg?sqp=CPCHwtEG&rs=AOn4CLCjrgEcZKDxdGkpxjBFAujynm9qmg,2020-08-12T19:34:41Z,
2000 BASEBALL CAMP,DjDbyWqQkTc,https://www.youtube.com/watch?v=DjDbyWqQkTc,https://i9.ytimg.com/vi/DjDbyWqQkTc/hqdefault.jpg?sqp=CPCHwtEG&rs=AOn4CLA20rcOdH8vmRMz_wZI7Z6JK_eTfQ,2020-08-12T19:33:10Z,
1999 GRANTS BIRTHDAY,p_HOGQjnZ3Y,https://www.youtube.com/watch?v=p_HOGQjnZ3Y,https://i9.ytimg.com/vi/p_HOGQjnZ3Y/hqdefault.jpg?sqp=CPCHwtEG&rs=AOn4CLCEzHMujB6fCsTG8KoeeMLWoDRyYQ,2020-08-12T19:32:18Z,
1999 KEVIN TED BIRTHDAY,oWP65gBoLuU,https://www.youtube.com/watch?v=oWP65gBoLuU,https://i9.ytimg.com/vi/oWP65gBoLuU/hqdefault.jpg?sqp=CPCHwtEG&rs=AOn4CLAoDmXleYkdbRQp7WO84kGph00Drw,2020-08-12T19:31:52Z,
1999 EASTER SEVERINOS,EzJvdV9PO_8,https://www.youtube.com/watch?v=EzJvdV9PO_8,https://i9.ytimg.com/vi/EzJvdV9PO_8/hqdefault.jpg?sqp=CPCHwtEG&rs=AOn4CLAs7JGHMEq36_1mvujjrqw5f-A69A,2020-08-12T19:31:19Z,
1999 FATHER'S DAY,wweahc3FX1M,https://www.youtube.com/watch?v=wweahc3FX1M,https://i9.ytimg.com/vi/wweahc3FX1M/hqdefault.jpg?sqp=CPCHwtEG&rs=AOn4CLAprf7JYrC-vzm5_5tB6Mk4hljyTg,2020-08-12T19:31:01Z,
1999 CYPRESS HARBOUR,LyaHk58pNR4,https://www.youtube.com/watch?v=LyaHk58pNR4,https://i9.ytimg.com/vi/LyaHk58pNR4/hqdefault.jpg?sqp=CPCHwtEG&rs=AOn4CLB3qlkjZXx5qWi89gC0zzmGrskMBw,2020-08-12T19:30:01Z,
1998 Sunny Playing,Es4l-JAPNo8,https://www.youtube.com/watch?v=Es4l-JAPNo8,https://i9.ytimg.com/vi/Es4l-JAPNo8/hqdefault.jpg?sqp=CPCHwtEG&rs=AOn4CLCpW8NkFMehM_EtDQfUFgPfDCxApQ,2020-08-12T19:29:40Z,
1998 CHRISTMAS EVE,J_JbO5hM_GE,https://www.youtube.com/watch?v=J_JbO5hM_GE,https://i9.ytimg.com/vi/J_JbO5hM_GE/hqdefault.jpg?sqp=CPCHwtEG&rs=AOn4CLAa19oinwj9JClIX5bagffUGLriyQ,2020-08-12T19:29:27Z,
1996 SEA WORLD,u7rUcPklYbQ,https://www.youtube.com/watch?v=u7rUcPklYbQ,https://i9.ytimg.com/vi/u7rUcPklYbQ/hqdefault.jpg?sqp=CPCHwtEG&rs=AOn4CLB85AZtyIWbduXdMiqZehT7suhkng,2020-08-12T19:27:19Z,
1996 STEVEN NURSERY SCHOOL,0JdK9a962EA,https://www.youtube.com/watch?v=0JdK9a962EA,https://i9.ytimg.com/vi/0JdK9a962EA/hqdefault.jpg?sqp=CPCHwtEG&rs=AOn4CLClMLqguyhEh-Jj8WwZe1IROJPJbA,2020-08-12T19:25:44Z,
1997 ST PATRICKS,BQYxeaq3Ff4,https://www.youtube.com/watch?v=BQYxeaq3Ff4,https://i9.ytimg.com/vi/BQYxeaq3Ff4/hqdefault.jpg?sqp=CPCHwtEG&rs=AOn4CLC27ywsMgWlMr7xRkdeEuLN3JkClA,2020-08-12T19:25:24Z,
1998 AUGUST Grandpa 65th,fC4cWztZoNA,https://www.youtube.com/watch?v=fC4cWztZoNA,https://i9.ytimg.com/vi/fC4cWztZoNA/hqdefault.jpg?sqp=CPCHwtEG&rs=AOn4CLDmJRXCSOY1btAApK-Wq5ZC8S8AWg,2020-08-12T19:24:47Z,
1996 SEPT Fawcetts First Day,PBGx_1_QVGw,https://www.youtube.com/watch?v=PBGx_1_QVGw,https://i9.ytimg.com/vi/PBGx_1_QVGw/hqdefault.jpg?sqp=CPCHwtEG&rs=AOn4CLAH7tTpGmI7Vka1eaXRs5UoP_sWIQ,2020-08-12T19:24:26Z,
1996 WOODVIEW,jwTj-DPoPTw,https://www.youtube.com/watch?v=jwTj-DPoPTw,https://i9.ytimg.com/vi/jwTj-DPoPTw/hqdefault.jpg?sqp=CPCHwtEG&rs=AOn4CLAfZbBXfuzheFG3HuC0ER3HDlze6A,2020-08-12T19:23:22Z,
1997 EASTER SEVERINOS,IE7SwWCfgio,https://www.youtube.com/watch?v=IE7SwWCfgio,https://i9.ytimg.com/vi/IE7SwWCfgio/hqdefault.jpg?sqp=CPCHwtEG&rs=AOn4CLDf96gKvo9vUAjTSN1G23je81Pr9w,2020-08-12T19:23:04Z,
1997 grant christening,mrmm0kk2wF8,https://www.youtube.com/watch?v=mrmm0kk2wF8,https://i9.ytimg.com/vi/mrmm0kk2wF8/hqdefault.jpg?sqp=CPCHwtEG&rs=AOn4CLBtuwaFKoPXW5aXu2y4i190NIFPUg,2020-08-12T19:22:05Z,
1997 GRANDMA SEV 80TH,FdC-autqo-E,https://www.youtube.com/watch?v=FdC-autqo-E,https://i9.ytimg.com/vi/FdC-autqo-E/hqdefault.jpg?sqp=CPCHwtEG&rs=AOn4CLBugofSK_dLTtxPedZdydzVtas3QQ,2020-08-12T19:21:30Z,
1997 KEVINS BIRTHDAY,Xx0kbGqPePo,https://www.youtube.com/watch?v=Xx0kbGqPePo,https://i9.ytimg.com/vi/Xx0kbGqPePo/hqdefault.jpg?sqp=CPCHwtEG&rs=AOn4CLD2yXIMcjRANjE88vAurmBfoTk2iw,2020-08-12T19:21:07Z,
1998 CHRISTMAS DAY DEAN'S,0-vCZ7dY0PA,https://www.youtube.com/watch?v=0-vCZ7dY0PA,https://i9.ytimg.com/vi/0-vCZ7dY0PA/hqdefault.jpg?sqp=CPCHwtEG&rs=AOn4CLDlZX6CVVDJfuR7-dZgVTPcpcOTBQ,2020-08-12T19:20:47Z,
1996 NYE,W5Zfna6FmSY,https://www.youtube.com/watch?v=W5Zfna6FmSY,https://i9.ytimg.com/vi/W5Zfna6FmSY/hqdefault.jpg?sqp=CPCHwtEG&rs=AOn4CLC6PTWrVykRrkWhA9pBj_tos9ibzQ,2020-08-12T19:20:10Z,
1997 KEVINS 7TH BDAY MAGICIAN,iogdOkRLK2A,https://www.youtube.com/watch?v=iogdOkRLK2A,https://i9.ytimg.com/vi/iogdOkRLK2A/hqdefault.jpg?sqp=CPCHwtEG&rs=AOn4CLD1oCKFFP7I5zTu9wNn0PbkAAl4UQ,2020-08-12T19:18:50Z,
1996 pumpkin picking severinos,0EKjEAeGJVU,https://www.youtube.com/watch?v=0EKjEAeGJVU,https://i9.ytimg.com/vi/0EKjEAeGJVU/hqdefault.jpg?sqp=CPCHwtEG&rs=AOn4CLCsJQCn3-LSyO6PxpBGv1s_D3WqEQ,2020-08-12T19:18:43Z,
1995 NORWAY,woEP_EWHilY,https://www.youtube.com/watch?v=woEP_EWHilY,https://i.ytimg.com/vi/woEP_EWHilY/hqdefault.jpg,2020-08-12T19:13:35Z,
1996 CHRISTMAS MORNING SEVERINOS,o2WrwGoj_tU,https://www.youtube.com/watch?v=o2WrwGoj_tU,https://i9.ytimg.com/vi/o2WrwGoj_tU/hqdefault.jpg?sqp=CPCHwtEG&rs=AOn4CLASKDbGlSQvwHU8n3Z62MfzVNJZVg,2020-08-12T19:12:04Z,
1996 DISNEY SEVERINOS,vLTdZC3-tUg,https://www.youtube.com/watch?v=vLTdZC3-tUg,https://i9.ytimg.com/vi/vLTdZC3-tUg/hqdefault.jpg?sqp=CPCHwtEG&rs=AOn4CLBiFeCQ9e2czLoOGaQHlhDj4jdFdg,2020-08-12T19:11:25Z,
1995 NEVINWOOD,_OJHaV8QZJw,https://www.youtube.com/watch?v=_OJHaV8QZJw,https://i9.ytimg.com/vi/_OJHaV8QZJw/hqdefault.jpg?sqp=CPCHwtEG&rs=AOn4CLAlVhsjVBonKE6zoYH0Xlxq16iKLA,2020-08-12T19:09:29Z,
1996 Christmas Eve Mobergs,aIwPvJszWaA,https://www.youtube.com/watch?v=aIwPvJszWaA,https://i9.ytimg.com/vi/aIwPvJszWaA/hqdefault.jpg?sqp=CPCHwtEG&rs=AOn4CLB0egFajkV7W0Xe97nGa86l34s3qw,2020-08-12T19:07:49Z,
1996 anthony christening,l_g5NZCOjwg,https://www.youtube.com/watch?v=l_g5NZCOjwg,https://i9.ytimg.com/vi/l_g5NZCOjwg/hqdefault.jpg?sqp=CPCHwtEG&rs=AOn4CLBe-ApVl5hOo7jn5F_fBCtyH5tblQ,2020-08-12T19:06:55Z,
1996 Block Party Meath,Zdz1ftSO_uU,https://www.youtube.com/watch?v=Zdz1ftSO_uU,https://i9.ytimg.com/vi/Zdz1ftSO_uU/hqdefault.jpg?sqp=CPCHwtEG&rs=AOn4CLBmVqF4kHVRQlfwQcbz_kpYQq9Ehg,2020-08-12T19:06:11Z,
1996 CHRISTMAS DAY SEVERINOS,GdbGKLJPF78,https://www.youtube.com/watch?v=GdbGKLJPF78,https://i9.ytimg.com/vi/GdbGKLJPF78/hqdefault.jpg?sqp=CPCHwtEG&rs=AOn4CLAkZAz6UQE3rnD3xC6ms5fahyCwdQ,2020-08-12T19:05:10Z,
1996 CHRISTMAS EVE SEVERINO CAM,11VBMUltAjg,https://www.youtube.com/watch?v=11VBMUltAjg,https://i9.ytimg.com/vi/11VBMUltAjg/hqdefault.jpg?sqp=CPCHwtEG&rs=AOn4CLBVZK5dUdQIOtBUT2rs6sAD2utviQ,2020-08-12T19:01:15Z,
1996 kevin birthday,XCRqKsC9ztI,https://www.youtube.com/watch?v=XCRqKsC9ztI,https://i9.ytimg.com/vi/XCRqKsC9ztI/hqdefault.jpg?sqp=CPCHwtEG&rs=AOn4CLA9WuJzZa-M01YyviWBe6S-S6-K5Q,2020-08-12T18:58:02Z,
1995 STEVEN PLAY,7SuP4QVjK-s,https://www.youtube.com/watch?v=7SuP4QVjK-s,https://i9.ytimg.com/vi/7SuP4QVjK-s/hqdefault.jpg?sqp=CPCHwtEG&rs=AOn4CLB7aW1qEUOpOMZlR56pggrsbSFvzw,2020-08-12T18:56:44Z,
1995 TUSC,TVH1yd5U00U,https://www.youtube.com/watch?v=TVH1yd5U00U,https://i9.ytimg.com/vi/TVH1yd5U00U/hqdefault.jpg?sqp=CPCHwtEG&rs=AOn4CLA3x7Pz86guC0Yq1dsbUc1E9jScGg,2020-08-12T18:53:02Z,
1996 BASEBALL PARADE,EyUTitlD414,https://www.youtube.com/watch?v=EyUTitlD414,https://i9.ytimg.com/vi/EyUTitlD414/hqdefault.jpg?sqp=CPCHwtEG&rs=AOn4CLA6lleOgpFiu6e2BJsu17bwRui7Lw,2020-08-12T18:52:37Z,
1995 Kevin PRESCHOOL,c4HXYc_C0Sg,https://www.youtube.com/watch?v=c4HXYc_C0Sg,https://i9.ytimg.com/vi/c4HXYc_C0Sg/hqdefault.jpg?sqp=CPCHwtEG&rs=AOn4CLB-9IcqZasnXJitoE6_YYblSIKAZw,2020-08-12T18:51:24Z,
1995 HALLOWEEN,3ZczwZLBv74,https://www.youtube.com/watch?v=3ZczwZLBv74,https://i9.ytimg.com/vi/3ZczwZLBv74/hqdefault.jpg?sqp=CPCHwtEG&rs=AOn4CLAhD2OuqW0twfHkqUPxfSA0v4mjFg,2020-08-12T18:48:38Z,
1995 FROG POND FIRST DAY,0vesSz8ewdM,https://www.youtube.com/watch?v=0vesSz8ewdM,https://i9.ytimg.com/vi/0vesSz8ewdM/hqdefault.jpg?sqp=CPCHwtEG&rs=AOn4CLBN5yXz1u40JMqik4YbsTrkVD64Hw,2020-08-12T18:47:55Z,
1995 DISNEY CHARACTER BREAKFAST,40YbMYDL0CM,https://www.youtube.com/watch?v=40YbMYDL0CM,https://i9.ytimg.com/vi/40YbMYDL0CM/hqdefault.jpg?sqp=CPCHwtEG&rs=AOn4CLDE-dR9A2rMRG11I-VR1_506ZzEtA,2020-08-12T16:08:21Z,
1995 FAWCETT'S AT DISNEY,V0Wok1UbUP4,https://www.youtube.com/watch?v=V0Wok1UbUP4,https://i9.ytimg.com/vi/V0Wok1UbUP4/hqdefault.jpg?sqp=CPCHwtEG&rs=AOn4CLC9ozQzI4KOHo4TuI_GMJG5T2arYw,2020-08-12T16:07:31Z,
1995 FAWCETTS CHARACTER BREAKFAST,NRVepzlJ4ec,https://www.youtube.com/watch?v=NRVepzlJ4ec,https://i9.ytimg.com/vi/NRVepzlJ4ec/hqdefault.jpg?sqp=CPCHwtEG&rs=AOn4CLDTWB0J7Rn-Yxd8GqGc6QwWAyvxxA,2020-08-12T16:06:28Z,
1995 FAWCETTS CYPRESS,tGfZGyYGLHw,https://www.youtube.com/watch?v=tGfZGyYGLHw,https://i9.ytimg.com/vi/tGfZGyYGLHw/hqdefault.jpg?sqp=CPCHwtEG&rs=AOn4CLAiK-oFLDpglg_fW_i6JxZmMPA8rQ,2020-08-12T16:06:06Z,
1995 FLORIDA ASSORTED SEVERINO,gsT5q7kQmj4,https://www.youtube.com/watch?v=gsT5q7kQmj4,https://i9.ytimg.com/vi/gsT5q7kQmj4/hqdefault.jpg?sqp=CPCHwtEG&rs=AOn4CLAElFNTfMBA2jQ_riIELz6e5Uwp8Q,2020-08-12T16:02:47Z,
1995 CHRISTMAS EVE,hd9aTiKSpVA,https://www.youtube.com/watch?v=hd9aTiKSpVA,https://i9.ytimg.com/vi/hd9aTiKSpVA/hqdefault.jpg?sqp=CPCHwtEG&rs=AOn4CLBOTF9X2nQ7RN6jQq5K_-76Xo175A,2020-08-12T15:47:04Z,
1994 KEVINS BIRTHDAY,LNW3AFslv-4,https://www.youtube.com/watch?v=LNW3AFslv-4,https://i9.ytimg.com/vi/LNW3AFslv-4/hqdefault.jpg?sqp=CPCHwtEG&rs=AOn4CLCqIK6wfc5aabLHj_s8Cl2nmzEY_w,2020-08-12T15:42:59Z,
1993 RAKING LEAVES,a2LRrU5qKBA,https://www.youtube.com/watch?v=a2LRrU5qKBA,https://i9.ytimg.com/vi/a2LRrU5qKBA/hqdefault.jpg?sqp=CPCHwtEG&rs=AOn4CLCxsui29khCn9_UYPe5no0D-3KpNw,2020-08-12T15:42:02Z,
1995 CHRISTMAS FAWCETTS,c3RM_QDuzdk,https://www.youtube.com/watch?v=c3RM_QDuzdk,https://i9.ytimg.com/vi/c3RM_QDuzdk/hqdefault.jpg?sqp=CPCHwtEG&rs=AOn4CLAAtxqBTxyaXpnDghc_SQLBGEtZow,2020-08-12T15:41:15Z,
1994 Christmas frog pond,eB52p0tQkGI,https://www.youtube.com/watch?v=eB52p0tQkGI,https://i9.ytimg.com/vi/eB52p0tQkGI/hqdefault.jpg?sqp=CPCHwtEG&rs=AOn4CLD3qgRyFHkQcRhNi8RxPxkyGEiaKQ,2020-08-12T15:39:28Z,
1994 CHRISTMAS CHURCH PROGRAM,ibL6xsViW3g,https://www.youtube.com/watch?v=ibL6xsViW3g,https://i9.ytimg.com/vi/ibL6xsViW3g/hqdefault.jpg?sqp=CPCHwtEG&rs=AOn4CLDutcrn5qoSh4MsvMoJ0ccCd7YENA,2020-08-12T15:38:53Z,
1994 CHRISTMAS SEVERINOS,SsR6IvGy-rk,https://www.youtube.com/watch?v=SsR6IvGy-rk,https://i9.ytimg.com/vi/SsR6IvGy-rk/hqdefault.jpg?sqp=CPCHwtEG&rs=AOn4CLCOB8H43PEPu8y577yf6ex0WmrrXQ,2020-08-12T15:38:17Z,
1995 Cypress,HtSybPMbSJs,https://www.youtube.com/watch?v=HtSybPMbSJs,https://i9.ytimg.com/vi/HtSybPMbSJs/hqdefault.jpg?sqp=CPCHwtEG&rs=AOn4CLDHNnef0S20Fayy5ej_U6VQSw6fRQ,2020-08-12T15:37:11Z,
1995 CHRISTMAS EVE SEVERINO CAM,1ZcXJglZqHU,https://www.youtube.com/watch?v=1ZcXJglZqHU,https://i9.ytimg.com/vi/1ZcXJglZqHU/hqdefault.jpg?sqp=CPCHwtEG&rs=AOn4CLDqROq8zLTTQwB1rnSojosEUjT5wA,2020-08-12T15:35:48Z,
1995 CHRISTMAS PROGRAM KEVIN,LZHOx2xQ_J4,https://www.youtube.com/watch?v=LZHOx2xQ_J4,https://i9.ytimg.com/vi/LZHOx2xQ_J4/hqdefault.jpg?sqp=CPCHwtEG&rs=AOn4CLDVw2cBynfA1VQsmJs8daET6bpWgw,2020-08-12T15:35:22Z,
1994 FROG POND KK PLAYING,g0GvhtRhH1o,https://www.youtube.com/watch?v=g0GvhtRhH1o,https://i9.ytimg.com/vi/g0GvhtRhH1o/hqdefault.jpg?sqp=CPCHwtEG&rs=AOn4CLA9KglMU72JpucsPfw3UssXU5HrkQ,2020-08-12T15:34:16Z,
1993 LUKE 10TH,GQhpVkmaDWU,https://www.youtube.com/watch?v=GQhpVkmaDWU,https://i9.ytimg.com/vi/GQhpVkmaDWU/hqdefault.jpg?sqp=CPCHwtEG&rs=AOn4CLDM3V5EBmUkeztXa6ITvglILjJ82g,2020-08-12T15:32:59Z,
1993 POPPY BDAY,mIp5i81mars,https://www.youtube.com/watch?v=mIp5i81mars,https://i9.ytimg.com/vi/mIp5i81mars/hqdefault.jpg?sqp=CPCHwtEG&rs=AOn4CLBBRmO1uKynURMsvGRwINZ51195tA,2020-08-12T15:28:33Z,
1993 LEANNE KG THANKSGIVING,3TaUHqCvuHI,https://www.youtube.com/watch?v=3TaUHqCvuHI,https://i9.ytimg.com/vi/3TaUHqCvuHI/hqdefault.jpg?sqp=CPCHwtEG&rs=AOn4CLAmav4ffvPzWd1CJ-MPxvopBjtRhQ,2020-08-12T15:24:04Z,
1993 KRISTEN AT HOME,EQXIkqKUizs,https://www.youtube.com/watch?v=EQXIkqKUizs,https://i9.ytimg.com/vi/EQXIkqKUizs/hqdefault.jpg?sqp=CPCHwtEG&rs=AOn4CLAOodWANHGNDwYcf5WEvpK65RUldw,2020-08-12T15:19:16Z,
1993 EASTER SEVERINOS,D1HZ5h9mhV4,https://www.youtube.com/watch?v=D1HZ5h9mhV4,https://i9.ytimg.com/vi/D1HZ5h9mhV4/hqdefault.jpg?sqp=CPCHwtEG&rs=AOn4CLAIrBWAQMcCPG5Hav4yH3n7v80EVg,2020-08-12T15:13:55Z,
1993 dawns 30th,kCuAr5uDB2U,https://www.youtube.com/watch?v=kCuAr5uDB2U,https://i9.ytimg.com/vi/kCuAr5uDB2U/hqdefault.jpg?sqp=CPCHwtEG&rs=AOn4CLDyPGf9K5SAkqBhpw1S1QG2WP7Asg,2020-08-12T15:13:49Z,
1993 JULY 4TH,kdrhopWQzV8,https://www.youtube.com/watch?v=kdrhopWQzV8,https://i9.ytimg.com/vi/kdrhopWQzV8/hqdefault.jpg?sqp=CPCHwtEG&rs=AOn4CLCVRHGgHppm_vKO7yoFRl5MGMCdgQ,2020-08-12T15:12:39Z,
1993 COUSINS AT PARK,tHzaI-efofk,https://www.youtube.com/watch?v=tHzaI-efofk,https://i9.ytimg.com/vi/tHzaI-efofk/hqdefault.jpg?sqp=CPCHwtEG&rs=AOn4CLBtvpL0VxIhV9CQiuqUy0GUbXp1QA,2020-08-12T15:11:30Z,
1993 DECEMBER FROG POND,G_i8T6pCdWc,https://www.youtube.com/watch?v=G_i8T6pCdWc,https://i9.ytimg.com/vi/G_i8T6pCdWc/hqdefault.jpg?sqp=CPCHwtEG&rs=AOn4CLD-AokQsYCmEv3mStRXfBqV-jFAzQ,2020-08-12T15:10:54Z,
1993 CHRISTMAS PLAY,Y7VITzksud4,https://www.youtube.com/watch?v=Y7VITzksud4,https://i9.ytimg.com/vi/Y7VITzksud4/hqdefault.jpg?sqp=CPCHwtEG&rs=AOn4CLBvC7I0fi6rBPFcJMV_aySUOLaNjQ,2020-08-12T15:10:40Z,
1993 FROG POND KK PLAYING IN ROOM,PMzszXMPcA4,https://www.youtube.com/watch?v=PMzszXMPcA4,https://i9.ytimg.com/vi/PMzszXMPcA4/hqdefault.jpg?sqp=CPCHwtEG&rs=AOn4CLAE8k4ZVyAgm4wCVScUP5PsrWFt8Q,2020-08-12T15:10:17Z,
1993 KEVIN AND KRISTEN AT HOME,LTCjuwchFDE,https://www.youtube.com/watch?v=LTCjuwchFDE,https://i9.ytimg.com/vi/LTCjuwchFDE/hqdefault.jpg?sqp=CPCHwtEG&rs=AOn4CLDLu4IruHzo4RUSJuvKrhBPs4KxOQ,2020-08-12T15:09:55Z,
1993 HALLOWEEN,z2fdkoirddk,https://www.youtube.com/watch?v=z2fdkoirddk,https://i9.ytimg.com/vi/z2fdkoirddk/hqdefault.jpg?sqp=CPCHwtEG&rs=AOn4CLDdXanvchD0iK_YLvNlxSUVpVAVGQ,2020-08-12T15:09:10Z,
1993 CHRISTMAS FAWCETTS,UhCuj0270tI,https://www.youtube.com/watch?v=UhCuj0270tI,https://i9.ytimg.com/vi/UhCuj0270tI/hqdefault.jpg?sqp=CPCHwtEG&rs=AOn4CLDXADHt1CIKB7weJ7p0VHo8ezCuaA,2020-08-12T15:00:23Z,
1993 CHRISTMAS MORNING FROG POND,9GYDxwweMMw,https://www.youtube.com/watch?v=9GYDxwweMMw,https://i9.ytimg.com/vi/9GYDxwweMMw/hqdefault.jpg?sqp=CPCHwtEG&rs=AOn4CLBzy6tkkfppItHq4iwgzYQvAZyqFQ,2020-08-12T14:55:14Z,
1993 CHRISTMAS SEVERINOS,wmZUuYudpb8,https://www.youtube.com/watch?v=wmZUuYudpb8,https://i9.ytimg.com/vi/wmZUuYudpb8/hqdefault.jpg?sqp=CPCHwtEG&rs=AOn4CLBN9F0H5vIRDogPkClDtDSjRamipw,2020-08-12T14:52:11Z,
1992 TONY BDAY,TQ3GmW0CcTs,https://www.youtube.com/watch?v=TQ3GmW0CcTs,https://i9.ytimg.com/vi/TQ3GmW0CcTs/hqdefault.jpg?sqp=CPCHwtEG&rs=AOn4CLDh0qSVa1S69u6HcU2C0Y3QFzqtnw,2020-08-12T14:51:34Z,
1993 CHRISTMAS EVE MOBERGS,AA9tX6Ufpr0,https://www.youtube.com/watch?v=AA9tX6Ufpr0,https://i9.ytimg.com/vi/AA9tX6Ufpr0/hqdefault.jpg?sqp=CPCHwtEG&rs=AOn4CLAoRyjzy6KryRJEVAhZ7ovAJJDyTA,2020-08-12T14:50:02Z,
1992 TOMMY AND ALEX READING,J6MoWkpl0hk,https://www.youtube.com/watch?v=J6MoWkpl0hk,https://i9.ytimg.com/vi/J6MoWkpl0hk/hqdefault.jpg?sqp=CPCHwtEG&rs=AOn4CLDwE5tA71FdrVkn3F_4zQ79sTV37A,2020-08-12T14:49:22Z,
1992 SNOW DAY,-pcQ9l-ZqSg,https://www.youtube.com/watch?v=-pcQ9l-ZqSg,https://i9.ytimg.com/vi/-pcQ9l-ZqSg/hqdefault.jpg?sqp=CPCHwtEG&rs=AOn4CLDTmLiW9PwJJu6fXiswY4qQnCyitw,2020-08-12T14:47:34Z,
1992 OCTOBER Kristen Christening,aoKogdDV44w,https://www.youtube.com/watch?v=aoKogdDV44w,https://i9.ytimg.com/vi/aoKogdDV44w/hqdefault.jpg?sqp=CPCHwtEG&rs=AOn4CLCkySIEuSV08QXmSC8jdyK08U6jFA,2020-08-12T14:47:13Z,
1992 Pants Incident,4-qVtHlsMs4,https://www.youtube.com/watch?v=4-qVtHlsMs4,https://i9.ytimg.com/vi/4-qVtHlsMs4/hqdefault.jpg?sqp=CPCHwtEG&rs=AOn4CLAhV0lIQCyorJT41fVMkJn1bRq7Rg,2020-08-12T14:46:42Z,
1992 Ted's 30th,yVuD_QyZok4,https://www.youtube.com/watch?v=yVuD_QyZok4,https://i9.ytimg.com/vi/yVuD_QyZok4/hqdefault.jpg?sqp=CPCHwtEG&rs=AOn4CLDoEw8nYsYBX_UKuLGyuHDRLYN6gA,2020-08-12T14:41:12Z,
1992 Lindsay's 7th Birthday,dgVndiprLt4,https://www.youtube.com/watch?v=dgVndiprLt4,https://i9.ytimg.com/vi/dgVndiprLt4/hqdefault.jpg?sqp=CPCHwtEG&rs=AOn4CLB0Ih8nRen8Exkv6oHAghUSFW0iBQ,2020-08-12T14:38:21Z,
1992 March Birthdays FP,rLjcb8cAs3k,https://www.youtube.com/watch?v=rLjcb8cAs3k,https://i9.ytimg.com/vi/rLjcb8cAs3k/hqdefault.jpg?sqp=CPCHwtEG&rs=AOn4CLDPsypvEtLQezjYUM4s0WUY1cwjRA,2020-08-12T14:36:12Z,
1992 THANKSGIVING,CZRYoUgK8IM,https://www.youtube.com/watch?v=CZRYoUgK8IM,https://i9.ytimg.com/vi/CZRYoUgK8IM/hqdefault.jpg?sqp=CPCHwtEG&rs=AOn4CLCoeWL_0tnk6V76QxZ5iTlL6F7zOg,2020-08-12T14:34:20Z,
1992 TOMMY 29TH BDAY,8i3VZAJBfkE,https://www.youtube.com/watch?v=8i3VZAJBfkE,https://i9.ytimg.com/vi/8i3VZAJBfkE/hqdefault.jpg?sqp=CPCHwtEG&rs=AOn4CLCh2IvRfMkDktvXhFrRZj4wj8xKPQ,2020-08-12T14:32:36Z,
1992 Memorial Day Frog Pond,AmlqDas2tIQ,https://www.youtube.com/watch?v=AmlqDas2tIQ,https://i9.ytimg.com/vi/AmlqDas2tIQ/hqdefault.jpg?sqp=CPCHwtEG&rs=AOn4CLACGdmFMd-UhTyIOpBLXXClZ4kSZw,2020-08-12T14:31:57Z,
1992 MOTHERS DAY,MNQ7ijCdidg,https://www.youtube.com/watch?v=MNQ7ijCdidg,https://i9.ytimg.com/vi/MNQ7ijCdidg/hqdefault.jpg?sqp=CPCHwtEG&rs=AOn4CLAzSWn26iE8p7gsRgzkLVfisPgsYA,2020-08-12T14:31:12Z,
1992 KRISTEN CHRISTENING AND PARTY,sbyrGg2hREc,https://www.youtube.com/watch?v=sbyrGg2hREc,https://i9.ytimg.com/vi/sbyrGg2hREc/hqdefault.jpg?sqp=CPCHwtEG&rs=AOn4CLC-2Axg5Tq2kXXBQvbFgvxMRGvbqg,2020-08-12T14:29:42Z,
1992 LEANNE BIRTHDAY,NliRaczv2R8,https://www.youtube.com/watch?v=NliRaczv2R8,https://i9.ytimg.com/vi/NliRaczv2R8/hqdefault.jpg?sqp=CPCHwtEG&rs=AOn4CLBfDk6eGhLZM7XPFn_d-36JJCkGUA,2020-08-12T14:28:14Z,
1992 Kristen Birth and Days Home,L5IyBeIHTTg,https://www.youtube.com/watch?v=L5IyBeIHTTg,https://i9.ytimg.com/vi/L5IyBeIHTTg/hqdefault.jpg?sqp=CPCHwtEG&rs=AOn4CLC9sXgY4OU7YH5vCMWiGPzN6YfxLg,2020-08-12T14:26:08Z,
1992 Kevin Birthday Gift Opening,GqOgyGfs_A0,https://www.youtube.com/watch?v=GqOgyGfs_A0,https://i9.ytimg.com/vi/GqOgyGfs_A0/hqdefault.jpg?sqp=CPCHwtEG&rs=AOn4CLC-1De1v6Kjn6txF8a4Y5LoqJlMyQ,2020-08-12T14:23:11Z,
1992 GRANDMA SEVERINO BDAY,n16pMGVP1dA,https://www.youtube.com/watch?v=n16pMGVP1dA,https://i9.ytimg.com/vi/n16pMGVP1dA/hqdefault.jpg?sqp=CPCHwtEG&rs=AOn4CLD9VYP7y7aECTMkeuBLIOKjkT1bSQ,2020-08-12T14:18:42Z,
1991 OCTOBER PUMPKIN PICKING,85Qt4SP__nM,https://www.youtube.com/watch?v=85Qt4SP__nM,https://i9.ytimg.com/vi/85Qt4SP__nM/hqdefault.jpg?sqp=CPCHwtEG&rs=AOn4CLDcEMXVuZ0LMczRAhwhYrNfWMJ8jQ,2020-08-12T13:51:18Z,
1991 NORWAY,pOWJi6rBsq0,https://www.youtube.com/watch?v=pOWJi6rBsq0,https://i9.ytimg.com/vi/pOWJi6rBsq0/hqdefault.jpg?sqp=CPCHwtEG&rs=AOn4CLBCoxNw4d6h5pWYHAqM4XyvyTV3_A,2020-08-12T13:51:18Z,
1991 Disney,hunx2GNkTJk,https://www.youtube.com/watch?v=hunx2GNkTJk,https://i9.ytimg.com/vi/hunx2GNkTJk/hqdefault.jpg?sqp=CPCHwtEG&rs=AOn4CLDQ3XrYbbX_73WZGfhx1S51Pbx64Q,2020-08-12T13:51:17Z,
1992 EASTER,3hDdr1MYGvw,https://www.youtube.com/watch?v=3hDdr1MYGvw,https://i9.ytimg.com/vi/3hDdr1MYGvw/hqdefault.jpg?sqp=CPCHwtEG&rs=AOn4CLCyKuB15BvIOjtr2_zAEp6Hm5jxLA,2020-08-12T13:51:14Z,
1991 DISNEY CHARACTERS LUKE LINDSAY,eJt6fxexACk,https://www.youtube.com/watch?v=eJt6fxexACk,https://i9.ytimg.com/vi/eJt6fxexACk/hqdefault.jpg?sqp=CPCHwtEG&rs=AOn4CLDeVfLrd5KhEWCJiqniKV7jmi23qg,2020-08-12T13:51:14Z,
1992 AUGUST Severinos at the Park,l5vkPJCyELk,https://www.youtube.com/watch?v=l5vkPJCyELk,https://i9.ytimg.com/vi/l5vkPJCyELk/hqdefault.jpg?sqp=CPCHwtEG&rs=AOn4CLBiRnamBbvi67LZBg3IVDZMVb1M0Q,2020-08-12T13:51:14Z,
1991 CHRISTMAS MORNING FROG POND,2ga_wP-23Gw,https://www.youtube.com/watch?v=2ga_wP-23Gw,https://i9.ytimg.com/vi/2ga_wP-23Gw/hqdefault.jpg?sqp=CPCHwtEG&rs=AOn4CLAEUWcGCRfZATCM4-_ucdF_UALBAQ,2020-08-12T13:51:12Z,
1991 Church Concert,7QhkvZG-eEs,https://www.youtube.com/watch?v=7QhkvZG-eEs,https://i9.ytimg.com/vi/7QhkvZG-eEs/hqdefault.jpg?sqp=CPCHwtEG&rs=AOn4CLBwj0VBZxTtcxE3nPEEFWkxDzCAAQ,2020-08-12T13:51:11Z,
1991 ORLANDO LUKE LINDS,89SLVdHQBEg,https://www.youtube.com/watch?v=89SLVdHQBEg,https://i9.ytimg.com/vi/89SLVdHQBEg/hqdefault.jpg?sqp=CPCHwtEG&rs=AOn4CLD3xLMSdraR8FKrcwWSaeGyRgx2cA,2020-08-12T13:51:10Z,
1991 Christmas Severinos PARTY Frog Pond,xOUiZ30Dm3E,https://www.youtube.com/watch?v=xOUiZ30Dm3E,https://i9.ytimg.com/vi/xOUiZ30Dm3E/hqdefault.jpg?sqp=CPCHwtEG&rs=AOn4CLAOsICMIscxQ9217PWHXzow-BKUuQ,2020-08-12T13:51:10Z,
1990 SPRING BBQ,PW8gZ43WdYw,https://www.youtube.com/watch?v=PW8gZ43WdYw,https://i9.ytimg.com/vi/PW8gZ43WdYw/hqdefault.jpg?sqp=CPCHwtEG&rs=AOn4CLB9uzeizKnwumm6EWOHhMuHjYKiAg,2020-08-12T13:51:09Z,
1991 EASTER,RN1dC6YhRJM,https://www.youtube.com/watch?v=RN1dC6YhRJM,https://i9.ytimg.com/vi/RN1dC6YhRJM/hqdefault.jpg?sqp=CPCHwtEG&rs=AOn4CLDNqcW-YZfUiRqkFjpEXuPuWXa1FQ,2020-08-12T13:51:09Z,
1991 OCTOBER PUMPKIN PICKING,85Qt4SP__nM,https://www.youtube.com/watch?v=85Qt4SP__nM,https://i9.ytimg.com/vi/85Qt4SP__nM/hqdefault.jpg?sqp=CPCHwtEG&rs=AOn4CLDcEMXVuZ0LMczRAhwhYrNfWMJ8jQ,2020-08-12T13:51:18Z,
1991 NORWAY,pOWJi6rBsq0,https://www.youtube.com/watch?v=pOWJi6rBsq0,https://i9.ytimg.com/vi/pOWJi6rBsq0/hqdefault.jpg?sqp=CPCHwtEG&rs=AOn4CLBCoxNw4d6h5pWYHAqM4XyvyTV3_A,2020-08-12T13:51:18Z,
1991 Disney,hunx2GNkTJk,https://www.youtube.com/watch?v=hunx2GNkTJk,https://i9.ytimg.com/vi/hunx2GNkTJk/hqdefault.jpg?sqp=CPCHwtEG&rs=AOn4CLDQ3XrYbbX_73WZGfhx1S51Pbx64Q,2020-08-12T13:51:17Z,
1991 DISNEY CHARACTERS LUKE LINDSAY,eJt6fxexACk,https://www.youtube.com/watch?v=eJt6fxexACk,https://i9.ytimg.com/vi/eJt6fxexACk/hqdefault.jpg?sqp=CPCHwtEG&rs=AOn4CLDeVfLrd5KhEWCJiqniKV7jmi23qg,2020-08-12T13:51:14Z,
1991 CHRISTMAS MORNING FROG POND,2ga_wP-23Gw,https://www.youtube.com/watch?v=2ga_wP-23Gw,https://i9.ytimg.com/vi/2ga_wP-23Gw/hqdefault.jpg?sqp=CPCHwtEG&rs=AOn4CLAEUWcGCRfZATCM4-_ucdF_UALBAQ,2020-08-12T13:51:12Z,
1991 Church Concert,7QhkvZG-eEs,https://www.youtube.com/watch?v=7QhkvZG-eEs,https://i9.ytimg.com/vi/7QhkvZG-eEs/hqdefault.jpg?sqp=CPCHwtEG&rs=AOn4CLBwj0VBZxTtcxE3nPEEFWkxDzCAAQ,2020-08-12T13:51:11Z,
1991 ORLANDO LUKE LINDS,89SLVdHQBEg,https://www.youtube.com/watch?v=89SLVdHQBEg,https://i9.ytimg.com/vi/89SLVdHQBEg/hqdefault.jpg?sqp=CPCHwtEG&rs=AOn4CLD3xLMSdraR8FKrcwWSaeGyRgx2cA,2020-08-12T13:51:10Z,
1991 Christmas Severinos PARTY Frog Pond,xOUiZ30Dm3E,https://www.youtube.com/watch?v=xOUiZ30Dm3E,https://i9.ytimg.com/vi/xOUiZ30Dm3E/hqdefault.jpg?sqp=CPCHwtEG&rs=AOn4CLAOsICMIscxQ9217PWHXzow-BKUuQ,2020-08-12T13:51:10Z,
1990 SPRING BBQ,PW8gZ43WdYw,https://www.youtube.com/watch?v=PW8gZ43WdYw,https://i9.ytimg.com/vi/PW8gZ43WdYw/hqdefault.jpg?sqp=CPCHwtEG&rs=AOn4CLB9uzeizKnwumm6EWOHhMuHjYKiAg,2020-08-12T13:51:09Z,
1991 EASTER,RN1dC6YhRJM,https://www.youtube.com/watch?v=RN1dC6YhRJM,https://i9.ytimg.com/vi/RN1dC6YhRJM/hqdefault.jpg?sqp=CPCHwtEG&rs=AOn4CLDNqcW-YZfUiRqkFjpEXuPuWXa1FQ,2020-08-12T13:51:09Z,
1991 Nevinwood Pool,R0R8cKxEH_M,https://www.youtube.com/watch?v=R0R8cKxEH_M,https://i9.ytimg.com/vi/R0R8cKxEH_M/hqdefault.jpg?sqp=CPCHwtEG&rs=AOn4CLB4kVesTg7pab5b7SwFWQBCYjQhCw,2020-08-12T13:51:08Z,
1991 Christmas Eve Mobergs,Vv-G8MEDThg,https://www.youtube.com/watch?v=Vv-G8MEDThg,https://i9.ytimg.com/vi/Vv-G8MEDThg/hqdefault.jpg?sqp=CPCHwtEG&rs=AOn4CLCdGf0Rjyxn3YjM7o7EmrzcP3G3xQ,2020-08-12T13:51:07Z,
1991 LINDSAY KG,PCQqs2HhQ-U,https://www.youtube.com/watch?v=PCQqs2HhQ-U,https://i9.ytimg.com/vi/PCQqs2HhQ-U/hqdefault.jpg?sqp=CPCHwtEG&rs=AOn4CLC6FNaG-qq1CU6aId7mBX6ENMgAFw,2020-08-12T13:51:06Z,
1992 Christmas Severino,jbew8UNB1yI,https://www.youtube.com/watch?v=jbew8UNB1yI,https://i9.ytimg.com/vi/jbew8UNB1yI/hqdefault.jpg?sqp=CPCHwtEG&rs=AOn4CLDsddLqCiYqjiJyVAnIYRXV1eKgUA,2020-08-12T13:51:05Z,
1991 TED'S BIRTHDAY,osEUKAcLFu8,https://www.youtube.com/watch?v=osEUKAcLFu8,https://i9.ytimg.com/vi/osEUKAcLFu8/hqdefault.jpg?sqp=CPCHwtEG&rs=AOn4CLCoANJ6IkUXbkuQ0o3NeaDzgEm4Ug,2020-08-12T13:51:03Z,
1991 FAWCETT FIRST DAY,cjrElto1f8M,https://www.youtube.com/watch?v=cjrElto1f8M,https://i9.ytimg.com/vi/cjrElto1f8M/hqdefault.jpg?sqp=CPCHwtEG&rs=AOn4CLB3XgU_m1rUjfAgUb0xtLpwyss7sA,2020-08-12T13:51:02Z,
1991 Petting Zoo Summer 91,mmXJRwMZ2w4,https://www.youtube.com/watch?v=mmXJRwMZ2w4,https://i9.ytimg.com/vi/mmXJRwMZ2w4/hqdefault.jpg?sqp=CPCHwtEG&rs=AOn4CLDuEt4RiD8oFezrJ1opR_ub9h-oRg,2020-08-12T13:51:01Z,
1991 KEVIN'S BIRTHDAY GIFTS,CpNoyA4aE_g,https://www.youtube.com/watch?v=CpNoyA4aE_g,https://i9.ytimg.com/vi/CpNoyA4aE_g/hqdefault.jpg?sqp=CPCHwtEG&rs=AOn4CLB1boL8sG1WodFS_llstJ1DbztiPQ,2020-08-12T13:51:00Z,
1992 ALEX IN SNOW,MYZEJIJpnMY,https://www.youtube.com/watch?v=MYZEJIJpnMY,https://i9.ytimg.com/vi/MYZEJIJpnMY/hqdefault.jpg?sqp=CPCHwtEG&rs=AOn4CLBes-erTNhdxDHVKDoMH_JWRwjfYw,2020-08-12T13:50:59Z,
1991 Christmas Severinos,e0dNc2C5CkY,https://www.youtube.com/watch?v=e0dNc2C5CkY,https://i9.ytimg.com/vi/e0dNc2C5CkY/hqdefault.jpg?sqp=CPCHwtEG&rs=AOn4CLBItxLWyBi3thzt10lkxuFT8JUOjQ,2020-08-12T13:50:50Z,
1991 CHRISTMAS EVE FAWCETT,1ESnvlCECIU,https://www.youtube.com/watch?v=1ESnvlCECIU,https://i9.ytimg.com/vi/1ESnvlCECIU/hqdefault.jpg?sqp=CPCHwtEG&rs=AOn4CLB9Whw0j5VTbwHolR75DS6WZrYHEg,2020-08-12T13:50:48Z,
1991 GAME FARM FAWCETTS,70Vbh1wf-mQ,https://www.youtube.com/watch?v=70Vbh1wf-mQ,https://i9.ytimg.com/vi/70Vbh1wf-mQ/hqdefault.jpg?sqp=CPCHwtEG&rs=AOn4CLAGhfcYPvxeSPa8jhgrPxwePKpg7A,2020-08-12T13:50:48Z,
1991 DISNEY LUKE AND LINDSAY,EKBSFsi29ag,https://www.youtube.com/watch?v=EKBSFsi29ag,https://i9.ytimg.com/vi/EKBSFsi29ag/hqdefault.jpg?sqp=CPCHwtEG&rs=AOn4CLBzVipncZTmnT0j-STFTAenfFl-iw,2020-08-12T13:50:48Z,
1991 STEVEN CHRISTENING PARTY,LyoCBJMob5s,https://www.youtube.com/watch?v=LyoCBJMob5s,https://i9.ytimg.com/vi/LyoCBJMob5s/hqdefault.jpg?sqp=CPCHwtEG&rs=AOn4CLC4Qnv3IdoL9OrJLpElAmU2huCzeQ,2020-08-12T13:50:48Z,
1992 CHRISTMAS EVE MOBERGS,MXAr6ssQ3pA,https://www.youtube.com/watch?v=MXAr6ssQ3pA,https://i9.ytimg.com/vi/MXAr6ssQ3pA/hqdefault.jpg?sqp=CPCHwtEG&rs=AOn4CLDbUzgvtzJTk15oWAu44X-9aaONiQ,2020-08-12T13:50:48Z,
1991 HALLOWEEN,Op22bVInUJo,https://www.youtube.com/watch?v=Op22bVInUJo,https://i9.ytimg.com/vi/Op22bVInUJo/hqdefault.jpg?sqp=CPCHwtEG&rs=AOn4CLDQv0DA0ySWyFBgWWVrWdK26JG9fQ,2020-08-12T13:50:48Z,
1992 ADVENTURELAND,WdlgKPK0B8w,https://www.youtube.com/watch?v=WdlgKPK0B8w,https://i9.ytimg.com/vi/WdlgKPK0B8w/hqdefault.jpg?sqp=CPCHwtEG&rs=AOn4CLC7VTobwHi5DaSkskIXjjgweCjceQ,2020-08-12T13:50:48Z,
1991 MOTHERS DAY,_VVIpgoUFqU,https://www.youtube.com/watch?v=_VVIpgoUFqU,https://i9.ytimg.com/vi/_VVIpgoUFqU/hqdefault.jpg?sqp=CPCHwtEG&rs=AOn4CLDtc3q-RmKimFHCUATUtj88__X5tw,2020-08-12T13:50:48Z,
1991 March Kevin First Birthday,aMfl6vbTUog,https://www.youtube.com/watch?v=aMfl6vbTUog,https://i9.ytimg.com/vi/aMfl6vbTUog/hqdefault.jpg?sqp=CPCHwtEG&rs=AOn4CLBoo8si0gSGdvpfTyDdFwFlGgIRhw,2020-08-12T13:50:48Z,
1991 LUKES 8TH BIRTHDAY,aeJx8Vo9EtE,https://www.youtube.com/watch?v=aeJx8Vo9EtE,https://i9.ytimg.com/vi/aeJx8Vo9EtE/hqdefault.jpg?sqp=CPCHwtEG&rs=AOn4CLBuPu9-Maf6XGTzUPNx5ONhXVMdsA,2020-08-12T13:50:48Z,
1992 ALEX SECOND BDAY,edDx7rlj4eg,https://www.youtube.com/watch?v=edDx7rlj4eg,https://i9.ytimg.com/vi/edDx7rlj4eg/hqdefault.jpg?sqp=CPCHwtEG&rs=AOn4CLD0Pq9heQeghWbnxnHS_FSrN--1Cg,2020-08-12T13:50:48Z,
1991 DECEMBER KEVIN ALEX,gGRMOaTfD9M,https://www.youtube.com/watch?v=gGRMOaTfD9M,https://i9.ytimg.com/vi/gGRMOaTfD9M/hqdefault.jpg?sqp=CPCHwtEG&rs=AOn4CLAhfFIGdpk3cUSAd6BVJrQRNDeXpg,2020-08-12T13:50:48Z,
1991 CHRISTMAS MORNING FAWCETTS,jX1rJA9CRX0,https://www.youtube.com/watch?v=jX1rJA9CRX0,https://i9.ytimg.com/vi/jX1rJA9CRX0/hqdefault.jpg?sqp=CPCHwtEG&rs=AOn4CLD3PbA-0lB47LtyBB6DHe5ucwlELg,2020-08-12T13:50:48Z,
1991 JANUARY Kevin at Home,oqNYDTqZQxA,https://www.youtube.com/watch?v=oqNYDTqZQxA,https://i9.ytimg.com/vi/oqNYDTqZQxA/hqdefault.jpg?sqp=CPCHwtEG&rs=AOn4CLAmUsM43lDGofqVUCOyPy6tOox0tA,2020-08-12T13:50:48Z,
1992 ALEX CATS,rEIxd5Ip4gQ,https://www.youtube.com/watch?v=rEIxd5Ip4gQ,https://i9.ytimg.com/vi/rEIxd5Ip4gQ/hqdefault.jpg?sqp=CPCHwtEG&rs=AOn4CLB1qLTdTOb_PhCPXOmPyCjzQqm3zw,2020-08-12T13:50:48Z,
1990 NOVEMBER TED AND DAWNS,sjsRVvRDhgA,https://www.youtube.com/watch?v=sjsRVvRDhgA,https://i9.ytimg.com/vi/sjsRVvRDhgA/hqdefault.jpg?sqp=CPCHwtEG&rs=AOn4CLBxRpnqTtgalLt9PQULHQq9ounRPQ,2020-08-12T13:50:48Z,
1991 TOMMYS BIRTHDAY,tChW68LYH7g,https://www.youtube.com/watch?v=tChW68LYH7g,https://i9.ytimg.com/vi/tChW68LYH7g/hqdefault.jpg?sqp=CPCHwtEG&rs=AOn4CLAiczbGaaVe5-qMwsLgEUENsDyfAQ,2020-08-12T13:50:48Z,
1990 Ted's Birthday Gathering,y-jK9B7RBPE,https://www.youtube.com/watch?v=y-jK9B7RBPE,https://i9.ytimg.com/vi/y-jK9B7RBPE/hqdefault.jpg?sqp=CPCHwtEG&rs=AOn4CLD3ew_tewSUhn_N51uq4YKN-uSHjQ,2020-08-12T13:50:48Z,
1989 LINDSAY DANCE,iV-lWq79s98,https://www.youtube.com/watch?v=iV-lWq79s98,https://i9.ytimg.com/vi/iV-lWq79s98/hqdefault.jpg?sqp=CPCHwtEG&rs=AOn4CLBMtEmk8vjzXtMSpsuQpcOPW3006Q,2020-08-12T13:43:57Z,
1980 Severinos at the Cabin,MlUZ2-_m3mQ,https://www.youtube.com/watch?v=MlUZ2-_m3mQ,https://i9.ytimg.com/vi/MlUZ2-_m3mQ/hqdefault.jpg?sqp=CPCHwtEG&rs=AOn4CLDddN_3lb9jfMZ6t1Mag1N6warH9w,2020-08-12T13:43:54Z,
1989 LUKE BASEBALL,RSoIXy8Ae2E,https://www.youtube.com/watch?v=RSoIXy8Ae2E,https://i9.ytimg.com/vi/RSoIXy8Ae2E/hqdefault.jpg?sqp=CPCHwtEG&rs=AOn4CLB3_r0Wwq-HVxMZLQnRWVk9kFePvw,2020-08-12T13:43:53Z,
1990 Fall Kevin Walking Teeth,Yc-vx7ptsdU,https://www.youtube.com/watch?v=Yc-vx7ptsdU,https://i9.ytimg.com/vi/Yc-vx7ptsdU/hqdefault.jpg?sqp=CPCHwtEG&rs=AOn4CLAW2Gurv3GD7qgKOMbXsKhiVwS6Jg,2020-08-12T13:43:53Z,
1988 SYLVIA ED SEATTLE,Ef47Xeh0hNo,https://www.youtube.com/watch?v=Ef47Xeh0hNo,https://i9.ytimg.com/vi/Ef47Xeh0hNo/hqdefault.jpg?sqp=CPCHwtEG&rs=AOn4CLDh8mEFjIo7hhfrajmp0uiX7qo3rQ,2020-08-12T13:43:52Z,
1988 PORTLAND TRIP,PRtNKIWw8ys,https://www.youtube.com/watch?v=PRtNKIWw8ys,https://i9.ytimg.com/vi/PRtNKIWw8ys/hqdefault.jpg?sqp=CPCHwtEG&rs=AOn4CLDnxm8kZjQcRHvaVKzKaVk-GTLqQQ,2020-08-12T13:43:52Z,
1965 thru 1968 CHRISTMAS,KUno35ra7fo,https://www.youtube.com/watch?v=KUno35ra7fo,https://i9.ytimg.com/vi/KUno35ra7fo/hqdefault.jpg?sqp=CPCHwtEG&rs=AOn4CLB83dRrJWEChEBjdZJdIdAPRrfAZw,2020-08-12T13:43:51Z,
1962 SUMMER & DEBBIES FIRST BIRTHDAY,kNFgIrt9ZMI,https://www.youtube.com/watch?v=kNFgIrt9ZMI,https://i9.ytimg.com/vi/kNFgIrt9ZMI/hqdefault.jpg?sqp=CPCHwtEG&rs=AOn4CLDqPIjzP4PQF_S34OU7x5Eh9wLv-g,2020-08-12T13:43:51Z,
1989 CHRISTMAS PARTY 2,IC9d-d-YJws,https://www.youtube.com/watch?v=IC9d-d-YJws,https://i9.ytimg.com/vi/IC9d-d-YJws/hqdefault.jpg?sqp=CPCHwtEG&rs=AOn4CLBuQQ-of5SwP5muwiBBV7EvA9_PZw,2020-08-12T13:43:50Z,
1990 Thanksgiving Severinos,iygRJCfgcpE,https://www.youtube.com/watch?v=iygRJCfgcpE,https://i9.ytimg.com/vi/iygRJCfgcpE/hqdefault.jpg?sqp=CPCHwtEG&rs=AOn4CLAXHfsfwZhsJj5rPPGSEnOUvK8afg,2020-08-12T13:43:50Z,
1990 Christmas Severinos,kP0_Cq90NGk,https://www.youtube.com/watch?v=kP0_Cq90NGk,https://i9.ytimg.com/vi/kP0_Cq90NGk/hqdefault.jpg?sqp=CPCHwtEG&rs=AOn4CLBzF0_trt4C4Wzk0GttoAk41A7xiw,2020-08-12T13:43:50Z,
1987 DAWN TED WEDDING RECEPTION,S7MepT-YtRw,https://www.youtube.com/watch?v=S7MepT-YtRw,https://i9.ytimg.com/vi/S7MepT-YtRw/hqdefault.jpg?sqp=CPCHwtEG&rs=AOn4CLAMWGEsFRm9pyB3xjk56gshighCSw,2020-08-12T13:43:49Z,
1989 LINDSAY DANCE,iV-lWq79s98,https://www.youtube.com/watch?v=iV-lWq79s98,https://i9.ytimg.com/vi/iV-lWq79s98/hqdefault.jpg?sqp=CPCHwtEG&rs=AOn4CLBMtEmk8vjzXtMSpsuQpcOPW3006Q,2020-08-12T13:43:57Z,
1980 Severinos at the Cabin,MlUZ2-_m3mQ,https://www.youtube.com/watch?v=MlUZ2-_m3mQ,https://i9.ytimg.com/vi/MlUZ2-_m3mQ/hqdefault.jpg?sqp=CPCHwtEG&rs=AOn4CLDddN_3lb9jfMZ6t1Mag1N6warH9w,2020-08-12T13:43:54Z,
1989 LUKE BASEBALL,RSoIXy8Ae2E,https://www.youtube.com/watch?v=RSoIXy8Ae2E,https://i9.ytimg.com/vi/RSoIXy8Ae2E/hqdefault.jpg?sqp=CPCHwtEG&rs=AOn4CLB3_r0Wwq-HVxMZLQnRWVk9kFePvw,2020-08-12T13:43:53Z,
1988 SYLVIA ED SEATTLE,Ef47Xeh0hNo,https://www.youtube.com/watch?v=Ef47Xeh0hNo,https://i9.ytimg.com/vi/Ef47Xeh0hNo/hqdefault.jpg?sqp=CPCHwtEG&rs=AOn4CLDh8mEFjIo7hhfrajmp0uiX7qo3rQ,2020-08-12T13:43:52Z,
1988 PORTLAND TRIP,PRtNKIWw8ys,https://www.youtube.com/watch?v=PRtNKIWw8ys,https://i9.ytimg.com/vi/PRtNKIWw8ys/hqdefault.jpg?sqp=CPCHwtEG&rs=AOn4CLDnxm8kZjQcRHvaVKzKaVk-GTLqQQ,2020-08-12T13:43:52Z,
1965 thru 1968 CHRISTMAS,KUno35ra7fo,https://www.youtube.com/watch?v=KUno35ra7fo,https://i9.ytimg.com/vi/KUno35ra7fo/hqdefault.jpg?sqp=CPCHwtEG&rs=AOn4CLB83dRrJWEChEBjdZJdIdAPRrfAZw,2020-08-12T13:43:51Z,
1962 SUMMER & DEBBIES FIRST BIRTHDAY,kNFgIrt9ZMI,https://www.youtube.com/watch?v=kNFgIrt9ZMI,https://i9.ytimg.com/vi/kNFgIrt9ZMI/hqdefault.jpg?sqp=CPCHwtEG&rs=AOn4CLDqPIjzP4PQF_S34OU7x5Eh9wLv-g,2020-08-12T13:43:51Z,
1989 CHRISTMAS PARTY 2,IC9d-d-YJws,https://www.youtube.com/watch?v=IC9d-d-YJws,https://i9.ytimg.com/vi/IC9d-d-YJws/hqdefault.jpg?sqp=CPCHwtEG&rs=AOn4CLBuQQ-of5SwP5muwiBBV7EvA9_PZw,2020-08-12T13:43:50Z,
1987 DAWN TED WEDDING RECEPTION,S7MepT-YtRw,https://www.youtube.com/watch?v=S7MepT-YtRw,https://i9.ytimg.com/vi/S7MepT-YtRw/hqdefault.jpg?sqp=CPCHwtEG&rs=AOn4CLAMWGEsFRm9pyB3xjk56gshighCSw,2020-08-12T13:43:49Z,
1988 CHRISTMAS SEVERINOS,obnZtVbN1vo,https://www.youtube.com/watch?v=obnZtVbN1vo,https://i9.ytimg.com/vi/obnZtVbN1vo/hqdefault.jpg?sqp=CPCHwtEG&rs=AOn4CLDX4Elnl2bpPSzqcRHgNQQpLCYskg,2020-08-12T13:43:47Z,
1988 HANS RINGDAHLS 99TH,__bTBIULW8k,https://www.youtube.com/watch?v=__bTBIULW8k,https://i9.ytimg.com/vi/__bTBIULW8k/hqdefault.jpg?sqp=CPCHwtEG&rs=AOn4CLAW29wgeRtMyFSIKX8aKnUhY6CPVw,2020-08-12T13:43:46Z,
1987 FALL,YZqLGUhrygg,https://www.youtube.com/watch?v=YZqLGUhrygg,https://i9.ytimg.com/vi/YZqLGUhrygg/hqdefault.jpg?sqp=CPCHwtEG&rs=AOn4CLDt7TEpoP9XpYda4Bxqwdb1myDJsw,2020-08-12T13:43:45Z,
1989 HANS RINGDAHL 100TH,6fXLLwZPfOA,https://www.youtube.com/watch?v=6fXLLwZPfOA,https://i9.ytimg.com/vi/6fXLLwZPfOA/hqdefault.jpg?sqp=CPCHwtEG&rs=AOn4CLAwrsVyVtsQekxx4FWr6Sx-47dU1A,2020-08-12T13:43:43Z,
1965 CATSKILL GAME FARM,hOvP7OByYzE,https://www.youtube.com/watch?v=hOvP7OByYzE,https://i9.ytimg.com/vi/hOvP7OByYzE/hqdefault.jpg?sqp=CPCHwtEG&rs=AOn4CLB8FeA15NA4-tis6t3irtYDN1F80w,2020-08-12T13:43:43Z,
1989 CHRISTMAS PARTY 1,m1r2OgutEgM,https://www.youtube.com/watch?v=m1r2OgutEgM,https://i9.ytimg.com/vi/m1r2OgutEgM/hqdefault.jpg?sqp=CPCHwtEG&rs=AOn4CLBmE1TmytW9H3sjgg9ROWzc042P7Q,2020-08-12T13:43:43Z,
1988 LUKE'S NURSERY GRADUATION,zAjqWg2o5iA,https://www.youtube.com/watch?v=zAjqWg2o5iA,https://i9.ytimg.com/vi/zAjqWg2o5iA/hqdefault.jpg?sqp=CPCHwtEG&rs=AOn4CLALxTzfFg9898tnmV3GieCOO9foSg,2020-08-12T13:43:43Z,
1988 LEANNE'S BIRTHDAY,BYgRgxmYjo8,https://www.youtube.com/watch?v=BYgRgxmYjo8,https://i9.ytimg.com/vi/BYgRgxmYjo8/hqdefault.jpg?sqp=CPCHwtEG&rs=AOn4CLBskAPOsZwmeFyQqIlIiR7lQ5-QZw,2020-08-12T13:43:41Z,
1989 CHRISTMAS SEVERINOS,PQuqHT83fLQ,https://www.youtube.com/watch?v=PQuqHT83fLQ,https://i9.ytimg.com/vi/PQuqHT83fLQ/hqdefault.jpg?sqp=CPCHwtEG&rs=AOn4CLC4xQMHewtoo2gbDrWgvMJgomYtzA,2020-08-12T13:43:41Z,
1987 THANKSGIVING SEVERINOS,k-397Nz3ieg,https://www.youtube.com/watch?v=k-397Nz3ieg,https://i9.ytimg.com/vi/k-397Nz3ieg/hqdefault.jpg?sqp=CPCHwtEG&rs=AOn4CLBHAZF1LbIJ6UNoDnJAafmX2cS-sQ,2020-08-12T13:43:40Z,
1960 SUMMER,I5Ixp9j9ofo,https://www.youtube.com/watch?v=I5Ixp9j9ofo,https://i9.ytimg.com/vi/I5Ixp9j9ofo/hqdefault.jpg?sqp=CPCHwtEG&rs=AOn4CLCg0mMNd0m3qcfSKn2O2XBRQe17TA,2020-08-12T13:43:39Z,
1989 christmas EVE at mobergs,NF5b8NP_GNI,https://www.youtube.com/watch?v=NF5b8NP_GNI,https://i9.ytimg.com/vi/NF5b8NP_GNI/hqdefault.jpg?sqp=CPCHwtEG&rs=AOn4CLB9QPVj7ugr0rtK3oRdz5UZm5aGOw,2020-08-12T13:43:39Z,
1987 CHRISTMAS,UUO3NdkcwHw,https://www.youtube.com/watch?v=UUO3NdkcwHw,https://i9.ytimg.com/vi/UUO3NdkcwHw/hqdefault.jpg?sqp=CPCHwtEG&rs=AOn4CLC3RLdidOQpPIfvc4xx0FKFonzoKw,2020-08-12T13:43:39Z,
1990 Christmas Eve Moberg,jpGfOD0JsN4,https://www.youtube.com/watch?v=jpGfOD0JsN4,https://i9.ytimg.com/vi/jpGfOD0JsN4/hqdefault.jpg?sqp=CPCHwtEG&rs=AOn4CLC1bkH6DApR4B1fGySKqPmRGgQMVg,2020-08-12T13:43:39Z,
1988? GRANDMA SEV BDAY,mbpIObjZocg,https://www.youtube.com/watch?v=mbpIObjZocg,https://i9.ytimg.com/vi/mbpIObjZocg/hqdefault.jpg?sqp=CPCHwtEG&rs=AOn4CLDbT6gQxLdroQFoaqIQ5HWhW5IH0g,2020-08-12T13:43:39Z,
1988? TONY BDAY SURPRISE,8oz7Ls_yucg,https://www.youtube.com/watch?v=8oz7Ls_yucg,https://i9.ytimg.com/vi/8oz7Ls_yucg/hqdefault.jpg?sqp=CPCHwtEG&rs=AOn4CLBm8rHE2HtDzQjMnOXzvSIUg3zJXA,2020-08-12T13:43:28Z,
1964 DEBBIES 3RD BIRTHDAY,Balj3ujV_qk,https://www.youtube.com/watch?v=Balj3ujV_qk,https://i9.ytimg.com/vi/Balj3ujV_qk/hqdefault.jpg?sqp=CPCHwtEG&rs=AOn4CLBoHaqLL_6HJldIafWIdMSyvwFZgQ,2020-08-12T13:43:28Z,
1990 February Willow Valley,h9shF-_8OBk,https://www.youtube.com/watch?v=h9shF-_8OBk,https://i9.ytimg.com/vi/h9shF-_8OBk/hqdefault.jpg?sqp=CPCHwtEG&rs=AOn4CLAKiUUsSfhGicp5CG1T5LlLiiy8jg,2020-08-12T13:43:28Z,
1988 CHRISTMAS MOBERG,yVU_-SkHv8k,https://www.youtube.com/watch?v=yVU_-SkHv8k,https://i9.ytimg.com/vi/yVU_-SkHv8k/hqdefault.jpg?sqp=CPCHwtEG&rs=AOn4CLC7VP-4H3YfPinLhVbPpEFf2Z6JIg,2020-08-12T13:43:28Z,
1988 Star Trek,yW9WvLJb_SE,https://www.youtube.com/watch?v=yW9WvLJb_SE,https://i9.ytimg.com/vi/yW9WvLJb_SE/hqdefault.jpg?sqp=CPCHwtEG&rs=AOn4CLBEBOESb7BlFtBBBClyXnCpUMwSTA,2020-08-12T13:43:28Z,
1989 Rose's 50th Birthday,-vkZkVlY-ew,https://www.youtube.com/watch?v=-vkZkVlY-ew,https://i9.ytimg.com/vi/-vkZkVlY-ew/hqdefault.jpg?sqp=CPCHwtEG&rs=AOn4CLAlrmlAUPllnn8h1qL2f-Y-3E90Fg,2020-08-12T13:43:27Z,
1990 Kevin's Christening,573h6ajsAag,https://www.youtube.com/watch?v=573h6ajsAag,https://i9.ytimg.com/vi/573h6ajsAag/hqdefault.jpg?sqp=CPCHwtEG&rs=AOn4CLCyCKmwfIbBOfIIBpJU6r-swBFB9g,2020-08-12T13:43:27Z,
1963 SUMMER,7w2T3IzESzE,https://www.youtube.com/watch?v=7w2T3IzESzE,https://i9.ytimg.com/vi/7w2T3IzESzE/hqdefault.jpg?sqp=CPCHwtEG&rs=AOn4CLBstOwev4Q0AeTYJbi-KbgyBYv_FA,2020-08-12T13:43:27Z,
1989 CHRISTMAS DAY FAWCETTS,Gztgos96qrM,https://www.youtube.com/watch?v=Gztgos96qrM,https://i9.ytimg.com/vi/Gztgos96qrM/hqdefault.jpg?sqp=CPCHwtEG&rs=AOn4CLCl0G-qg5sCKjNFv2hVC42I2czRCA,2020-08-12T13:43:27Z,
1963 CHRISTMAS,RQazH907vZw,https://www.youtube.com/watch?v=RQazH907vZw,https://i9.ytimg.com/vi/RQazH907vZw/hqdefault.jpg?sqp=CPCHwtEG&rs=AOn4CLDo9S2yiQAO0XrWEzaAYHLy8F6uHQ,2020-08-12T13:43:27Z,
1990 FAWCETT FIRST DAY,lKYDxkGiS5E,https://www.youtube.com/watch?v=lKYDxkGiS5E,https://i9.ytimg.com/vi/lKYDxkGiS5E/hqdefault.jpg?sqp=CPCHwtEG&rs=AOn4CLCI8uuD0vWCeRJgaMzBll4RPYfceQ,2020-08-12T13:43:27Z,
1987 CABIN SEVERINOS,pLKKZpvf3i4,https://www.youtube.com/watch?v=pLKKZpvf3i4,https://i9.ytimg.com/vi/pLKKZpvf3i4/hqdefault.jpg?sqp=CPCHwtEG&rs=AOn4CLALJ_pHebcit4Q6PX7eDq9EIudNXg,2020-08-12T13:43:27Z,
1964 DAWNS FIRST BIRTHDAY,wVJbEkKzR7M,https://www.youtube.com/watch?v=wVJbEkKzR7M,https://i9.ytimg.com/vi/wVJbEkKzR7M/hqdefault.jpg?sqp=CPCHwtEG&rs=AOn4CLB5SiXRps4noD9ae2-vB0kSJmNhiw,2020-08-12T13:43:27Z,
