title,thumbnail_title,Main_title,date,category,video_id,youtube_url,thumbnail_url,published_at
Sylvia's Grad,SYLVIA'S | GRADUATION,Sylvia's Graduation,5-1955,Moberg Classics,aI-NV8f2YfE,https://www.youtube.com/watch?v=aI-NV8f2YfE,https://i9.ytimg.com/vi/aI-NV8f2YfE/hqdefault.jpg?sqp=CPCHwtEG&rs=AOn4CLDRW7XZePjpUx6wxiOLi2zlqbjSWA,2020-12-23T16:38:00Z
HAUGESUND,HAUGESUND,Haugesund,5-1955,Moberg Classics,oi37D-usQ8w,https://www.youtube.com/watch?v=oi37D-usQ8w,https://i9.ytimg.com/vi/oi37D-usQ8w/hqdefault.jpg?sqp=CPCHwtEG&rs=AOn4CLDBJsvh-UuqNSt_nQneUWe5JRlQgQ,2020-12-23T16:19:07Z
EDSGRAD,ED'S | GRADUATION,Ed's Graduation,5-1955,Moberg Classics,i2YvlHD_LvE,https://www.youtube.com/watch?v=i2YvlHD_LvE,https://i9.ytimg.com/vi/i2YvlHD_LvE/hqdefault.jpg?sqp=CPCHwtEG&rs=AOn4CLBthpZ8CSXL0K11-0xycJbc6edAaw,2020-12-23T16:03:15Z
2010 Christmas,CHRISTMAS | 2010 | DEC 25°10 | 3859 PM,Christmas 2010,2010-12,Severino Christmas,_SrJp5_nDv0,https://www.youtube.com/watch?v=_SrJp5_nDv0,https://i9.ytimg.com/vi/_SrJp5_nDv0/hqdefault.jpg?sqp=CPCHwtEG&rs=AOn4CLDMoKc-CDZ-mK8pNrpzoK28ntPUmg,2020-08-27T00:01:21Z
2009 CHRISTMAS,CHRISTMAS | 2009 | DEC 25'09 | 6:31 PM,Christmas 2009,2009-12,Severino Christmas,-_zGeijSBR8,https://www.youtube.com/watch?v=-_zGeijSBR8,https://i9.ytimg.com/vi/-_zGeijSBR8/hqdefault.jpg?sqp=CPCHwtEG&rs=AOn4CLB9sYBL3_OucZbN0HCFWuTBTQOyrQ,2020-08-26T23:59:30Z
1998 CHRISTMAS DAY DEAN'S,CHRISTMAS | 1998 | CONNECTICUT,Christmas 1998 Connecticut,1998-12,Moberg Christmas,0-vCZ7dY0PA,https://www.youtube.com/watch?v=0-vCZ7dY0PA,https://i9.ytimg.com/vi/0-vCZ7dY0PA/hqdefault.jpg?sqp=CPCHwtEG&rs=AOn4CLDlZX6CVVDJfuR7-dZgVTPcpcOTBQ,2020-08-12T19:20:47Z
Christmas2,CHRISTMAS,Christmas -1960s Part 1,2020 (upload),1960s Sev,0BGpqUkaa8o,https://www.youtube.com/watch?v=0BGpqUkaa8o,https://i9.ytimg.com/vi/0BGpqUkaa8o/hqdefault.jpg?sqp=CPCHwtEG&rs=AOn4CLDtNTMLeeT5MJSbj4J07NrV47iPVg,2020-08-26T04:19:26Z
Christmas1959,CHRISTMAS | 1959,Christmas 1959,1959-12,60s Moberg Christmas,0mVu7etBnNg,https://www.youtube.com/watch?v=0mVu7etBnNg,https://i9.ytimg.com/vi/0mVu7etBnNg/hqdefault.jpg?sqp=CPCHwtEG&rs=AOn4CLAkWSw8NcnrQqimMB2oPo9onwe0ww,2020-12-23T15:03:32Z
NORWAY1958,NORWAY | 1958,Norway 1958,1958,Moberg Classics,i53P4LJvVMI,https://www.youtube.com/watch?v=i53P4LJvVMI,https://i9.ytimg.com/vi/i53P4LJvVMI/hqdefault.jpg?sqp=CPCHwtEG&rs=AOn4CLDsNOXhjw4HyWTYpOXGu-y94fqYYw,2020-12-23T03:37:59Z
SylviasWeddingShower,SYLVIA'S | WEDDING | SHOWER,Sylvia's Wedding Shower,1960-1,Moberg Classics,Yr1gQKF9VoA,https://www.youtube.com/watch?v=Yr1gQKF9VoA,https://i9.ytimg.com/vi/Yr1gQKF9VoA/hqdefault.jpg?sqp=CPCHwtEG&rs=AOn4CLDEUzcJs3zxA509bWFsAXVR3DgX3A,2020-12-23T03:24:05Z
Sylvia Ed Honeymoon,SYLVIA & ED'S | HONEYMOON,Sylvia & Ed's Honeymoon,1960-1,Moberg Classics,-4oJb60tM_0,https://www.youtube.com/watch?v=-4oJb60tM_0,https://i9.ytimg.com/vi/-4oJb60tM_0/hqdefault.jpg?sqp=CPCHwtEG&rs=AOn4CLA4CCrU4Q1-VuZBJvwsf22HdqIgLg,2020-12-23T03:01:47Z
Sylvia and Ed's Wedding,SYLVIA & ED'S | WEDDING,Sylvia & Ed's Wedding,1960-1,Moberg Classics,SwwKJqd7pfQ,https://www.youtube.com/watch?v=SwwKJqd7pfQ,https://i9.ytimg.com/vi/SwwKJqd7pfQ/hqdefault.jpg?sqp=CPCHwtEG&rs=AOn4CLCuPeRDkmSzyBP495TZ7gV2014ALg,2020-12-23T02:35:25Z
1996 CHRISTMAS EVE SEVERINO CAM,CHRISTMAS | EVE 1996 | MOBERG HOUSE,Christmas Eve 1996 Moberg House,1996-12,Moberg Christmas,11VBMUltAjg,https://www.youtube.com/watch?v=11VBMUltAjg,https://i9.ytimg.com/vi/11VBMUltAjg/hqdefault.jpg?sqp=CPCHwtEG&rs=AOn4CLBVZK5dUdQIOtBUT2rs6sAD2utviQ,2020-08-12T19:01:15Z
1991 CHRISTMAS EVE FAWCETT,CHRISTMAS EVE | 1991 | MOBERG HOUSE | PART 1,Christmas Eve 1991 Moberg House Part,1991-12,Moberg Christmas,1ESnvlCECIU,https://www.youtube.com/watch?v=1ESnvlCECIU,https://i9.ytimg.com/vi/1ESnvlCECIU/hqdefault.jpg?sqp=CPCHwtEG&rs=AOn4CLB9Whw0j5VTbwHolR75DS6WZrYHEg,2020-08-12T13:50:48Z
2013 KRISTEN 21,SEPTEMBER | 2013 | KRISTEN'S BIRTHDAY,2013 Kristen's Birthday,2013,Birthdays,8T1PskyegOU,https://www.youtube.com/watch?v=8T1PskyegOU,https://i9.ytimg.com/vi/8T1PskyegOU/hqdefault.jpg?sqp=CPCHwtEG&rs=AOn4CLBq3-Cz_fn2SqwiNVAS1z-k3hjJMQ,2020-08-27T00:03:33Z
2012 FREDDY BIRTHDAY,OCTOBER 2012 | FREDDY'S BIRTHDAY | ОСТ 23 | *12 | 9:01 | PM,October 2012 Freddy's Birthday,2012,Birthdays,fmTzZZkX8dw,https://www.youtube.com/watch?v=fmTzZZkX8dw,https://i9.ytimg.com/vi/fmTzZZkX8dw/hqdefault.jpg?sqp=CPCHwtEG&rs=AOn4CLBJWthvIKLW828RZuP7eCj7SqB8IQ,2020-08-27T00:03:26Z
1995 CHRISTMAS EVE SEVERINO CAM,CHRISTMAS | EVE 1995 | MOBERG HOUSE | SEVERINO CAM | DEC. 24 | 1995,Christmas Eve 1995 Moberg House Severino Cam,1995-12,Moberg Christmas,1ZcXJglZqHU,https://www.youtube.com/watch?v=1ZcXJglZqHU,https://i9.ytimg.com/vi/1ZcXJglZqHU/hqdefault.jpg?sqp=CPCHwtEG&rs=AOn4CLDqROq8zLTTQwB1rnSojosEUjT5wA,2020-08-12T15:35:48Z
2010 Vow Renewal,DECEMBER 2010 | TONY AND SHEILA VOW RENEWAL | DEC 18º10 | 4848 | PM,December 2010 Tony And Sheila Vow Renewal,2010,Severino Family,o_NDdk4RHkE,https://www.youtube.com/watch?v=o_NDdk4RHkE,https://i9.ytimg.com/vi/o_NDdk4RHkE/hqdefault.jpg?sqp=CPCHwtEG&rs=AOn4CLBqEQWWGJ60MhVZVqEVfxDn64bLSA,2020-08-27T00:02:12Z
1991 CHRISTMAS MORNING FROG POND,CHRISTMAS | MORNING 1991 | FROG POND | 12/25/91,Christmas Morning 1991 Frog Pond,1991-12-25,Christmas Morn Sev,2ga_wP-23Gw,https://www.youtube.com/watch?v=2ga_wP-23Gw,https://i9.ytimg.com/vi/2ga_wP-23Gw/hqdefault.jpg?sqp=CPCHwtEG&rs=AOn4CLAEUWcGCRfZATCM4-_ucdF_UALBAQ,2020-08-12T13:51:12Z
1991 Church Concert,CHRISTMAS 1991 | CHURCH CONCERT,Christmas 1991 Church Concert,1991-12,Christmas Program,7QhkvZG-eEs,https://www.youtube.com/watch?v=7QhkvZG-eEs,https://i9.ytimg.com/vi/7QhkvZG-eEs/hqdefault.jpg?sqp=CPCHwtEG&rs=AOn4CLBwj0VBZxTtcxE3nPEEFWkxDzCAAQ,2020-08-12T13:51:11Z
2008 thanksgiving,THANKSGIVING | 2008 | NOV | 27'08 | 5:57 PM,Thanksgiving 2008,2008-11,Severino Holidays,cEtke2r5_lw,https://www.youtube.com/watch?v=cEtke2r5_lw,https://i9.ytimg.com/vi/cEtke2r5_lw/hqdefault.jpg?sqp=CPCHwtEG&rs=AOn4CLCqNt4TDrDoOtzKhnz2SKIsqDTujA,2020-08-26T23:59:13Z
Palisades,PALISADES | AMUSEMENT | PARK,Palisades Amusement Park,1960-1,1960s Sev,vlo665-DqbY,https://www.youtube.com/watch?v=vlo665-DqbY,https://i9.ytimg.com/vi/vlo665-DqbY/hqdefault.jpg?sqp=CPCHwtEG&rs=AOn4CLDmCvYcnwzklbebo4O15BsUmb67Tg,2020-08-26T05:04:23Z
Ted Birthday,TED'S | BIRTHDAY,Ted's Birthday,1960-1,Birthdays,ujsmYO94hS0,https://www.youtube.com/watch?v=ujsmYO94hS0,https://i9.ytimg.com/vi/ujsmYO94hS0/hqdefault.jpg?sqp=CPCHwtEG&rs=AOn4CLBBfvhXvvQHGtDa-0h1B39eZlL0qg,2020-08-26T05:02:36Z
train trip,TRAIN TRIP | 4029,Train Trip,1960-1,1960s Sev,PoCjKsQZkC0,https://www.youtube.com/watch?v=PoCjKsQZkC0,https://i9.ytimg.com/vi/PoCjKsQZkC0/hqdefault.jpg?sqp=CPCHwtEG&rs=AOn4CLCiCJy951isEACP3s-SIMr5OdkyIg,2020-08-26T04:39:20Z
1991 Church Concert,CHRISTMAS 1991 | CHURCH CONCERT,Christmas 1991 Church Concert,1991-12,Christmas Program,MkiHpuZH_h4,https://www.youtube.com/watch?v=7QhkvZG-eEs,https://i9.ytimg.com/vi/7QhkvZG-eEs/hqdefault.jpg?sqp=CPCHwtEG&rs=AOn4CLBwj0VBZxTtcxE3nPEEFWkxDzCAAQ,2020-08-12T13:51:11Z
Catskill Game Farm,CATSKILE | + GAME FARM1 | CATSKILL | GAME FARM,Catskill Game Farm,1960-1,1960s Sev,eqIxMSxFKe4,https://www.youtube.com/watch?v=MkiHpuZH_h4,https://i9.ytimg.com/vi/MkiHpuZH_h4/hqdefault.jpg?sqp=CPCHwtEG&rs=AOn4CLBgQy8I9D_2YTA7lOU1twBmoSx0OQ,2020-08-26T04:18:56Z
communion,COMMUNION | S.ANOL,Communion,1960-1,1960s Sev,6mq67JNarso,https://www.youtube.com/watch?v=eqIxMSxFKe4,https://i9.ytimg.com/vi/eqIxMSxFKe4/hqdefault.jpg?sqp=CPCHwtEG&rs=AOn4CLDR7XdzhkF6OUlfGVValyfropd3Qg,2020-08-26T04:16:18Z
LI Game Farm and Amusement Parks,LI GAME | FARM,Long Island Game Farm,1960-1,1960s Sev,7tH2ncn-lxU,https://www.youtube.com/watch?v=6mq67JNarso,https://i9.ytimg.com/vi/6mq67JNarso/hqdefault.jpg?sqp=CPCHwtEG&rs=AOn4CLCWXZ0mgqKQ3EwCVHa8Xx_s_xM6XA,2020-08-26T04:15:53Z
Christmas1962,CHRISTMAS | 1962,Christmas 1962,1962-12,60s Moberg Christmas,5V0IufbS8_Q,https://www.youtube.com/watch?v=7tH2ncn-lxU,https://i9.ytimg.com/vi/7tH2ncn-lxU/hqdefault.jpg?sqp=CPCHwtEG&rs=AOn4CLDN4aIvbz7NslPY3WghPcwfVUPigw,2020-12-23T15:46:54Z
Beach,FOOTBALL & | BEACH,Football & Beach,1960-1,1960s Sev,CvmRc-9Jum4,https://www.youtube.com/watch?v=5V0IufbS8_Q,https://i9.ytimg.com/vi/5V0IufbS8_Q/hqdefault.jpg?sqp=CPCHwtEG&rs=AOn4CLDSCvtGwX09w4k9Z49xklJTfV_T7Q,2020-08-26T04:11:58Z
At Home,AT HOME,At Home,1960-1,1960s Sev,rYE930ScbwU,https://www.youtube.com/watch?v=CvmRc-9Jum4,https://i9.ytimg.com/vi/CvmRc-9Jum4/hqdefault.jpg?sqp=CPCHwtEG&rs=AOn4CLBf0lMtw38ZQTFI1GByWYolaptM9g,2020-08-26T04:10:59Z
1997 Sheila Tommy Birthday,APRIL 1997 | SHEILA & TOMMY BIRTHDAY | HAPPY | BUR THDAY | SHEILA | AND | TOMMY,April 1997 Sheila & Tommy Birthday,1997,Birthdays,cIE_oTOuYfo,https://www.youtube.com/watch?v=rYE930ScbwU,https://i9.ytimg.com/vi/rYE930ScbwU/hqdefault.jpg?sqp=CPCHwtEG&rs=AOn4CLBfQR5efF_MbHsaxslERIiNREbjhw,2020-08-24T19:13:10Z
1997 Memorial Day,MAY 1997 | MEMORIAL DAY,May 1997 Memorial Day,1997,Severino Holidays,2YAlNVkxDGQ,https://www.youtube.com/watch?v=cIE_oTOuYfo,https://i9.ytimg.com/vi/cIE_oTOuYfo/hqdefault.jpg?sqp=CPCHwtEG&rs=AOn4CLCX3dUBFd2pf2WPd072KI9mphcRag,2020-08-24T19:12:16Z
1997 Florida Tommy Tony,"OCTOBER 1997 | FLORIDA (TOMMY, TONY +FAM) | OUR VACATION | FLORIDA TRIP 97","October 1997 Florida (Tommy, Tony +Fam) Our Vacation Florida Trip",1997-4,Florida,K3vCjE1usMU,https://www.youtube.com/watch?v=2YAlNVkxDGQ,https://i9.ytimg.com/vi/2YAlNVkxDGQ/hqdefault.jpg?sqp=CPCHwtEG&rs=AOn4CLAN5FWCS03m4AWGV3z_9BRfhYRm3A,2020-08-24T19:09:31Z
1997 FATHERS DAY,JUNE 1997 | FATHER'S DAY,June 1997 Father's Day,1997,Severino Holidays,40YbMYDL0CM,https://www.youtube.com/watch?v=K3vCjE1usMU,https://i9.ytimg.com/vi/K3vCjE1usMU/hqdefault.jpg?sqp=CPCHwtEG&rs=AOn4CLACbuB5piPF9t-hkCh2M_-4r-tqWw,2020-08-24T19:10:41Z
1995 DISNEY CHARACTER BREAKFAST,MARCH 1995 | DISNEY CHARACTER BREAKFAST | KEVIN & KRISTEN,March 1995 Disney Character Breakfast Kevin & Kristen,1995-4,Florida,jXECYMO5-gM,https://www.youtube.com/watch?v=40YbMYDL0CM,https://i9.ytimg.com/vi/40YbMYDL0CM/hqdefault.jpg?sqp=CPCHwtEG&rs=AOn4CLDE-dR9A2rMRG11I-VR1_506ZzEtA,2020-08-12T16:08:21Z
1999 HERSHEY PARK,JULY 1999 | HERSHEY PARK,July 1999 Hershey Park,1999,Severino Family,dFgM4sk273w,https://www.youtube.com/watch?v=jXECYMO5-gM,https://i9.ytimg.com/vi/jXECYMO5-gM/hqdefault.jpg?sqp=CPCHwtEG&rs=AOn4CLCSkU3DxkJDiFy8B6LcNEXXEa_uzQ,2020-08-24T17:25:59Z
2000 HALLOWEEN,HALLOWEEN | 2000 | 6:25PM | ОСТ 28 | 2000,Halloween 2000,2000-10,Severino Holidays,FOKF4BebXX0,https://www.youtube.com/watch?v=dFgM4sk273w,https://i9.ytimg.com/vi/dFgM4sk273w/hqdefault.jpg?sqp=CPCHwtEG&rs=AOn4CLDzoLSRwuCiPznDpexiI7QbKhSeCQ,2020-08-24T17:24:48Z
1998 THANKSGIVING,THANKSGIVING | 1998,Thanksgiving 1998,1998-11,Severino Holidays,Ez4nek9G0V0,https://www.youtube.com/watch?v=FOKF4BebXX0,https://i9.ytimg.com/vi/FOKF4BebXX0/hqdefault.jpg?sqp=CPCHwtEG&rs=AOn4CLCzFzxaD4OCPbNxi1jXdcegVwRSuQ,2020-08-24T17:24:11Z
1999 GRANDMA QUINN,AUGUST 1999 | GRANDMA QUINN'S BIRTHDAY | HAPPY BIRTHDAY,August 1999 Grandma Quinn's Birthday,1999,Birthdays,LDvRc0FGU4M,https://www.youtube.com/watch?v=Ez4nek9G0V0,https://i9.ytimg.com/vi/Ez4nek9G0V0/hqdefault.jpg?sqp=CPCHwtEG&rs=AOn4CLBDIwZNaY4X23RUDvDV6XsFeEOTcA,2020-08-24T17:23:51Z
1999 ANTHONY BIRTHDAY,JUNE 1999 | ANTHONY'S BIRTHDAY,June 1999 Anthony's Birthday,1999,Birthdays,uYAnhbEMvkA,https://www.youtube.com/watch?v=LDvRc0FGU4M,https://i9.ytimg.com/vi/LDvRc0FGU4M/hqdefault.jpg?sqp=CPCHwtEG&rs=AOn4CLCizBGJa4IG2o2eT2zaTMi6v37kEQ,2020-08-24T17:23:31Z
1998 TED KEVIN BIRTHDAY,MARCH 1998 | TED & KEVIN BIRTHDAY | HAPPY | TED | BIRTHDAY | AND | KEVIN,March 1998 Ted & Kevin Birthday,1998,Birthdays,Dn7HcPAUDAc,https://www.youtube.com/watch?v=uYAnhbEMvkA,https://i9.ytimg.com/vi/uYAnhbEMvkA/hqdefault.jpg?sqp=CPCHwtEG&rs=AOn4CLAIYnn9URmcAw4cvjs1WGox2WXLLQ,2020-08-24T17:22:51Z
1997 Tony Birthday,APRIL 1997 | TONYJR BIRTHDAY,April 1997 Tony Jr. Birthday,1997,Birthdays,YeviWSQiYIE,https://www.youtube.com/watch?v=Dn7HcPAUDAc,https://i9.ytimg.com/vi/Dn7HcPAUDAc/hqdefault.jpg?sqp=CPCHwtEG&rs=AOn4CLA3AK_KbDu0gYfjwkl6cDgM0_4tCQ,2020-08-24T17:19:47Z
1998 ANTHONY SECOND BIRTHDAY,JUNE 1998 | ANTHONY'S BIRTHDAY | TUN 20.98 PM | 7:23,June 1998 Anthony's Birthday,1998,Birthdays,OJmzrRWcL7k,https://www.youtube.com/watch?v=YeviWSQiYIE,https://i9.ytimg.com/vi/YeviWSQiYIE/hqdefault.jpg?sqp=CPCHwtEG&rs=AOn4CLAaLZadgKbaD89Z5rim-ZLOC9viuw,2020-08-24T17:19:28Z
1998 EASTER,EASTER 1998 | APR 12.98 PM | 4 :25,Easter 1998,1998-04-12,Severino Holidays,PdUlbV4VH-I,https://www.youtube.com/watch?v=OJmzrRWcL7k,https://i9.ytimg.com/vi/OJmzrRWcL7k/hqdefault.jpg?sqp=CPCHwtEG&rs=AOn4CLChtCItp0VOGJZ9RmQ102a2Dedn2Q,2020-08-24T17:18:38Z
1998 HALLOWEEN,HALLOWEEN | 1998 | HAPPYHALLOWEEN,Halloween 1998,1998-10,Severino Holidays,pTRNm2lvhuM,https://www.youtube.com/watch?v=PdUlbV4VH-I,https://i9.ytimg.com/vi/PdUlbV4VH-I/hqdefault.jpg?sqp=CPCHwtEG&rs=AOn4CLDdE0NNWfw106lwkPhFX2bMVhrGYg,2020-08-24T17:18:24Z
1998 Alex Birthday,JANUARY | 1998 | ALEX'S BIRTHDAY | JAN 31 | 98 PM | 8:19,1998 Alex's Birthday,1998,Birthdays,6-N5q_YivCA,https://www.youtube.com/watch?v=pTRNm2lvhuM,https://i9.ytimg.com/vi/pTRNm2lvhuM/hqdefault.jpg?sqp=CPCHwtEG&rs=AOn4CLA-m3SU6Nq8cHKAXpmA79aNgPHknQ,2020-08-24T17:18:08Z
1998 ALEX COMMUNION AND PARTY,MAY 1998 | ALEX COMMUNION & LUNCH,May 1998 Alex Communion & Lunch,1998,Severino Holidays,KhEctI_uePU,https://www.youtube.com/watch?v=6-N5q_YivCA,https://i9.ytimg.com/vi/6-N5q_YivCA/hqdefault.jpg?sqp=CPCHwtEG&rs=AOn4CLDwaOBzABMqph0bUrzCpHXHf7UvMw,2020-08-24T17:17:35Z
1996 Halloween,HALLOWEEN | 1996,Halloween 1996,1996-10,Severino Holidays,9wK1_S07YCk,https://www.youtube.com/watch?v=KhEctI_uePU,https://i9.ytimg.com/vi/KhEctI_uePU/hqdefault.jpg?sqp=CPCHwtEG&rs=AOn4CLAQ35FCwK_ZSeOHVTdgkMVj21J4Sw,2020-08-24T17:17:28Z
1997 Anthony First,JUNE 1997 | ANTHONY'S BIRTHDAY,June 1997 Anthony's Birthday,1997,Birthdays,xzltK30uHEA,https://www.youtube.com/watch?v=9wK1_S07YCk,https://i9.ytimg.com/vi/9wK1_S07YCk/hqdefault.jpg?sqp=CPCHwtEG&rs=AOn4CLDRwhlK5u-x0_sbS_bFqXTuJjoWrg,2020-08-24T17:16:35Z
1996 Easter,EASTER 1996,Easter 1996,1996-04,Severino Holidays,fwAgXxcJYi4,https://www.youtube.com/watch?v=xzltK30uHEA,https://i9.ytimg.com/vi/xzltK30uHEA/hqdefault.jpg?sqp=CPCHwtEG&rs=AOn4CLB_2QG5CD08IpGOLNW710rpZhrSXA,2020-08-24T17:16:23Z
1996 ALEX BIRTHDAY,JANUARY | 1996 | ALEX'S BIRTHDAY,1996 Alex's Birthday,1996,Birthdays,WTUeO7p01nk,https://www.youtube.com/watch?v=fwAgXxcJYi4,https://i9.ytimg.com/vi/fwAgXxcJYi4/hqdefault.jpg?sqp=CPCHwtEG&rs=AOn4CLAGPlY0pP5zasaSDoyfuMrqSEApdQ,2020-08-24T17:16:09Z
1999 TONY BIRTHDAY,MAY 1999 | TONY BIRTHDAY,May 1999 Tony Birthday,1999,Birthdays,Sr61OWGfEnM,https://www.youtube.com/watch?v=WTUeO7p01nk,https://i9.ytimg.com/vi/WTUeO7p01nk/hqdefault.jpg?sqp=CPCHwtEG&rs=AOn4CLCRjN17UzGcvrMNKEkmVxR6G7dcCg,2020-08-15T17:56:51Z
2002 FEB BATON,FEBRUARY | 2002 | KRISTEN'S BATON RECITAL,2002 Kristen's Baton Recital,2002,TDKK,kh1RqTkQT3M,https://www.youtube.com/watch?v=Sr61OWGfEnM,https://i9.ytimg.com/vi/Sr61OWGfEnM/hqdefault.jpg?sqp=CPCHwtEG&rs=AOn4CLChXUlrfQICWmu7b5WdpW-ZA-9KEA,2020-08-13T14:37:14Z
2001 Wizard of Oz,MAY 2001 | WIZARD OF OZ,May 2001 Wizard Of Oz,2001,TDKK,7zg2qq4mBo8,https://www.youtube.com/watch?v=kh1RqTkQT3M,https://i9.ytimg.com/vi/kh1RqTkQT3M/hqdefault.jpg?sqp=CPCHwtEG&rs=AOn4CLCYGtTHVlDvZStF0VYJZpREjRcsgg,2020-08-13T14:37:01Z
2001 christmas eve moberg,CHRISTMAS | EVE 2001 | MOBERGS | DEC 24 2001,Christmas Eve 2001 Mobergs,2001-12-24,Moberg Christmas,a0D3xiqp1os,https://www.youtube.com/watch?v=7zg2qq4mBo8,https://i9.ytimg.com/vi/7zg2qq4mBo8/hqdefault.jpg?sqp=CPCHwtEG&rs=AOn4CLCtLVdhsHR5zBXpNrLDWfaL7cbuKg,2020-08-13T01:37:02Z
2003 KRISTEN GRAD,JUNE 2002 | KRISTEN'S 5TH GRADE GRADUATION | 11:25:50AM | JUN 23 2003,June 2002 Kristen's 5Th Grade Graduation,2003-06-23,TDKK,lTeOo72NnVU,https://www.youtube.com/watch?v=a0D3xiqp1os,https://i9.ytimg.com/vi/a0D3xiqp1os/hqdefault.jpg?sqp=CPCHwtEG&rs=AOn4CLAkapvbjKX1-Z98U0xjqf9oZ50Ppw,2020-08-13T14:33:30Z
2006 Rosie Pregnant,SPRING 2006 | ROSIE PREGNANT | BABY VICTORIA VISITS SEVERINO,Spring 2006 Rosie Pregnant Baby Victoria Visits Severino,2006-04,Severino Family,Zpn7JWOES_E,https://www.youtube.com/watch?v=lTeOo72NnVU,https://i9.ytimg.com/vi/lTeOo72NnVU/hqdefault.jpg?sqp=CPCHwtEG&rs=AOn4CLDIasphUGxv7F5nuKnkJKK0p8Y57A,2020-08-13T14:30:54Z
2002 Kristen Soccer,NOVEMBER | 2002 | KRISTEN SOCCER | 9:45AM | NOV | 2002,2002 Kristen Soccer,2002,TDKK,58uEr91pYiE,https://www.youtube.com/watch?v=Zpn7JWOES_E,https://i9.ytimg.com/vi/Zpn7JWOES_E/hqdefault.jpg?sqp=CPCHwtEG&rs=AOn4CLBw7oV6WZvAbpEHfJ4xSLcOCypaRw,2020-08-13T14:30:42Z
2002 TED'S 40TH BIRTHDAY,MARCH 2002 | TED'S 40TH BIRTHDAY,March 2002 Ted's 40Th Birthday,2002,Birthdays,gOfre9gRmFE,https://www.youtube.com/watch?v=58uEr91pYiE,https://i9.ytimg.com/vi/58uEr91pYiE/hqdefault.jpg?sqp=CPCHwtEG&rs=AOn4CLAe8jNyE9N9rSxLQZ4ETp1W29_S1Q,2020-08-13T14:28:50Z
2005 APRIL TALENT SHOW KRISTEN,APRIL 2005 | KRISTEN'S RECITAL | 7:26:52PM | APR 21.2005,April 2005 Kristen's Recital,2005-04-21,TDKK,lFkTIBC8fUg,https://www.youtube.com/watch?v=gOfre9gRmFE,https://i9.ytimg.com/vi/gOfre9gRmFE/hqdefault.jpg?sqp=CPCHwtEG&rs=AOn4CLA5DTxt7fHBbFF2-t--xdaHSJ8enA,2020-08-13T14:28:34Z
2005 MATTITUCK HOUSE TOUR,WINTER 2005 | MATTITUCK HOUSE TOUR,Winter 2005 Mattituck House Tour,2005-01,Severino Family,_Y87_nGqoIc,https://www.youtube.com/watch?v=lFkTIBC8fUg,https://i9.ytimg.com/vi/lFkTIBC8fUg/hqdefault.jpg?sqp=CPCHwtEG&rs=AOn4CLBy58uS4uuRc1wnA1uvlsuI3l0RLQ,2020-08-13T14:26:31Z
2002 Grand Cayman,FEBRUARY | 2002 | GRAND CAYMAN,2002 Grand Cayman,2002,Moberg Family,uG8VDQ02C6c,https://www.youtube.com/watch?v=_Y87_nGqoIc,https://i9.ytimg.com/vi/_Y87_nGqoIc/hqdefault.jpg?sqp=CPCHwtEG&rs=AOn4CLCkNYo9HTwIc8WcdakBxEzaD2NptQ,2020-08-13T14:24:26Z
2002 HOUSE TOUR 1,GIANTS | MARCH 2002 | KEVIN HOUSE TOUR | 2LGN4 | 5:34PM | MAR 20 2002,March 2002 Kevin House Tour,2002-03-20,TDKK,HLBQd0QluCU,https://www.youtube.com/watch?v=uG8VDQ02C6c,https://i9.ytimg.com/vi/uG8VDQ02C6c/hqdefault.jpg?sqp=CPCHwtEG&rs=AOn4CLC86vtI8fjw35Tl5YWfCJ4ldfJ4ZA,2020-08-13T14:23:02Z
2001 Tony 40th,MAY | MAY 2001 | TONY'S 40TH BIRTHDAY | 5 2001,May 2001 Tony's 40Th Birthday,2001,Birthdays,u7lKi5Zx2tU,https://www.youtube.com/watch?v=HLBQd0QluCU,https://i9.ytimg.com/vi/HLBQd0QluCU/hqdefault.jpg?sqp=CPCHwtEG&rs=AOn4CLCNPk2i1Q78p5_-A8KwFBDQK8u4rg,2020-08-13T14:22:10Z
2001 WILLIAMSBURG TRIP,JUL | JULY 2001 | COLONIAL WILLIAMSBURG | 13 2001,July 2001 Colonial Williamsburg,2001,TDKK,-a5otCnFIrM,https://www.youtube.com/watch?v=u7lKi5Zx2tU,https://i9.ytimg.com/vi/u7lKi5Zx2tU/hqdefault.jpg?sqp=CPCHwtEG&rs=AOn4CLBW_JymxI1NqHjnZn4m1SpYVGF-XA,2020-08-13T14:21:47Z
2001 Kristen's Birthday,AUGUST 2001 | KRISTEN'S LUAU BIRTHDAY | PART 2 | AUG 25.2001,August 2001 Kristen's Luau Birthday Part,2001-08-25,Birthdays,xuof_875P6o,https://www.youtube.com/watch?v=-a5otCnFIrM,https://i9.ytimg.com/vi/-a5otCnFIrM/hqdefault.jpg?sqp=CPCHwtEG&rs=AOn4CLAl5UZBJVOXlkEnTX3sVTIKP0dutA,2020-08-13T14:19:43Z
2000 kevin school,JUNE 2000 | KEVIN AND KRISTEN AT SCHOOL,June 2000 Kevin And Kristen At School,2000,TDKK,qmpl5gT8IOY,https://www.youtube.com/watch?v=xuof_875P6o,https://i9.ytimg.com/vi/xuof_875P6o/hqdefault.jpg?sqp=CPCHwtEG&rs=AOn4CLCHhS6_yP-AkfTpJZ8wQXCkmnMcig,2020-08-13T02:51:50Z
2001 st patricks,ST PATRICK'S | DAY 2001 | MAR 17 2001,St. Patrick's Day 2001,2001-03-17,Severino Holidays,Nw9AL10T8SA,https://www.youtube.com/watch?v=qmpl5gT8IOY,https://i9.ytimg.com/vi/qmpl5gT8IOY/hqdefault.jpg?sqp=CPCHwtEG&rs=AOn4CLBD8Az3jyn7P4UenGC-43B_6kX0Eg,2020-08-13T02:26:37Z
2001 kristen luau,AUGUST 2001 | KRISTEN'S LUAU BIRTHDAY | AUG 25 2001,August 2001 Kristen's Luau Birthday,2001-08-25,Birthdays,nNv8hCxT17M,https://www.youtube.com/watch?v=Nw9AL10T8SA,https://i9.ytimg.com/vi/Nw9AL10T8SA/hqdefault.jpg?sqp=CPCHwtEG&rs=AOn4CLB-TlHeULClXtpLdmv2W3KeIsEVDA,2020-08-13T02:19:23Z
2001 kristen after school,2001 | KRISTEN AFTER SCHOOL,2001 Kristen After School,2001,TDKK,q44geqN1Jbo,https://www.youtube.com/watch?v=nNv8hCxT17M,https://i9.ytimg.com/vi/nNv8hCxT17M/hqdefault.jpg?sqp=CPCHwtEG&rs=AOn4CLDbcHmnr5YDNByITCUo3yyr32g3eA,2020-08-13T02:18:01Z
2001 kevin ted birthday,MARCH 2001 | KEVIN AND TED'S BIRTHDAY | 8:21PM | MAR 10 | 2001,March 2001 Kevin And Ted's Birthday,2001,Birthdays,I03brTQdWJE,https://www.youtube.com/watch?v=q44geqN1Jbo,https://i9.ytimg.com/vi/q44geqN1Jbo/hqdefault.jpg?sqp=CPCHwtEG&rs=AOn4CLCT9rkbeL0_zVYB-AlFW2oAgDA6FA,2020-08-13T02:17:59Z
2001 kristen baton recital,JUNE 2001 | KRISTEN BATON | JUN | 10 | 2001,June 2001 Kristen Baton,2001,TDKK,-vCC7kSHSPs,https://www.youtube.com/watch?v=I03brTQdWJE,https://i9.ytimg.com/vi/I03brTQdWJE/hqdefault.jpg?sqp=CPCHwtEG&rs=AOn4CLADW5-Wa7P7kvXPzDeuKdZvkQie5A,2020-08-13T02:17:34Z
2001 hilby,VIRGINIA B | JULY 2001 | BLLST | HILBY | RCH | JUL 15 2001,Virginia July 2001 Hilby,2001-07-15,TDKK,x_fj5RCIIts,https://www.youtube.com/watch?v=-vCC7kSHSPs,https://i9.ytimg.com/vi/-vCC7kSHSPs/hqdefault.jpg?sqp=CPCHwtEG&rs=AOn4CLB3hZ4_O_jEu-EwGeTOGeiZEXvbqQ,2020-08-13T01:52:13Z
2001 epcot,FEBRUARY | 2001 | EPCOT | FEB | 18 | 20917,2001 Epcot,2001,Florida,9GYDxwweMMw,https://www.youtube.com/watch?v=x_fj5RCIIts,https://i9.ytimg.com/vi/x_fj5RCIIts/hqdefault.jpg?sqp=CPCHwtEG&rs=AOn4CLAEr5l1rtHW9IbM9FTVLdEBX-ubzw,2020-08-13T01:50:46Z
1993 CHRISTMAS MORNING FROG POND,CHRISTMAS | MORNING 1993 | SEVERINOS AT FROG POND | DEC. 25 1993,Christmas Morning 1993 Severinos At Frog Pond,1993-12-25,Christmas Morn Sev,ABEf2KioSBw,https://www.youtube.com/watch?v=9GYDxwweMMw,https://i9.ytimg.com/vi/9GYDxwweMMw/hqdefault.jpg?sqp=CPCHwtEG&rs=AOn4CLBzy6tkkfppItHq4iwgzYQvAZyqFQ,2020-08-12T14:55:14Z
2001 anthony's 5th bday,JUNE 2001 | ANTHONY'S 5TH BIRTHDAY,June 2001 Anthony's 5Th Birthday,2001,Birthdays,dITcsZuK9Zk,https://www.youtube.com/watch?v=ABEf2KioSBw,https://i9.ytimg.com/vi/ABEf2KioSBw/hqdefault.jpg?sqp=CPCHwtEG&rs=AOn4CLDin2eULxdZFdSW1L-ihUbhvi9hOA,2020-08-13T01:29:06Z
2001 montauk,AUGUST 2000 | MONTAUK,August 2000 Montauk,2001,TDKK,wPPr13bOVkU,https://www.youtube.com/watch?v=dITcsZuK9Zk,https://i9.ytimg.com/vi/dITcsZuK9Zk/hqdefault.jpg?sqp=CPCHwtEG&rs=AOn4CLBWblYyNK6MACk2h3I2sCGowoqcyw,2020-08-13T01:28:19Z
2000 grant's birthday,JULY 2000 | GRANT'S BIRTHDAY | 87,July 2000 Grant's Birthday,2000,Birthdays,YH1QNXyF63A,https://www.youtube.com/watch?v=wPPr13bOVkU,https://i9.ytimg.com/vi/wPPr13bOVkU/hqdefault.jpg?sqp=CPCHwtEG&rs=AOn4CLBYon3as7gyn-dl75pOUhFXpSKzkw,2020-08-13T01:24:22Z
2000 easter,EASTER 2000 | SEVERINOS,Easter 2000 Severinos,2000-04,Severino Holidays,AA9tX6Ufpr0,https://www.youtube.com/watch?v=YH1QNXyF63A,https://i9.ytimg.com/vi/YH1QNXyF63A/hqdefault.jpg?sqp=CPCHwtEG&rs=AOn4CLDthqJ0TOuPkm8UeGUdrN2Xz6Rsuw,2020-08-13T01:21:48Z
1993 CHRISTMAS EVE MOBERGS,CHRISTMAS | EVE 1993 | FAWCETT HOUSE | DEC. 24 1993,Christmas Eve 1993 Fawcett House,1993-12-24,Moberg Christmas,c18QcR86JwU,https://www.youtube.com/watch?v=AA9tX6Ufpr0,https://i9.ytimg.com/vi/AA9tX6Ufpr0/hqdefault.jpg?sqp=CPCHwtEG&rs=AOn4CLAoRyjzy6KryRJEVAhZ7ovAJJDyTA,2020-08-12T14:50:02Z
2000 GMA QUINN 88,AUGUST 2000 | GRANDMA QUINN'S 88TH,August 2000 Grandma Quinn's 88Th,2000,Birthdays,OaRc0A837vY,https://www.youtube.com/watch?v=c18QcR86JwU,https://i9.ytimg.com/vi/c18QcR86JwU/hqdefault.jpg?sqp=CPCHwtEG&rs=AOn4CLBlBmMkSGlraLE4AMOB1V271_cOvA,2020-08-12T20:07:37Z
2000 HALLOWEEN,HALLOWEEN | 2000 | OCT | 131 | 2000,Halloween 2000,2000-10,Halloween,dApr6q2cfEU,https://www.youtube.com/watch?v=OaRc0A837vY,https://i9.ytimg.com/vi/OaRc0A837vY/hqdefault.jpg?sqp=CPCHwtEG&rs=AOn4CLCMSV-8y5YM9ueP3SJNbsSihonF-Q,2020-08-12T20:02:56Z
2000 DAWN POPPY BIRTHDAY,MAY 2000 | TONY SR AND DAWN'S BIRTHDAY,May 2000 Tony Sr And Dawn's Birthday,2000,Birthdays,RmClvyUtyW4,https://www.youtube.com/watch?v=dApr6q2cfEU,https://i9.ytimg.com/vi/dApr6q2cfEU/hqdefault.jpg?sqp=CPCHwtEG&rs=AOn4CLDAK8QTmYZx2DhWcocVYZvmCe8-WA,2020-08-12T20:02:28Z
2000 Dawn Birthday,MAY 2000 | DAWN'S BIRTHDAY,May 2000 Dawn's Birthday,2000,Birthdays,t6lsbAULVB4,https://www.youtube.com/watch?v=RmClvyUtyW4,https://i9.ytimg.com/vi/RmClvyUtyW4/hqdefault.jpg?sqp=CPCHwtEG&rs=AOn4CLD4euisRCqy_CeYd1f0zRIMK_tvog,2020-08-12T19:55:18Z
2000 BIRTHDAY KRISTEN,NOVEMBER | 2000 | KRISTEN'S BIRTHDAY,2000 Kristen's Birthday,2000,Birthdays,xOae8N0fzE0,https://www.youtube.com/watch?v=t6lsbAULVB4,https://i9.ytimg.com/vi/t6lsbAULVB4/hqdefault.jpg?sqp=CPCHwtEG&rs=AOn4CLB3e0IVdkGppCoo0Gx5mLX-WQJfNw,2020-08-12T19:49:37Z
2000 BASEBALL CHAMPIONSHIP,JULY 2000 | KEVIN'S BASEBALL CHAMPIONSHIP,July 2000 Kevin's Baseball Championship,2000,TDKK,17pxWkAIXA0,https://www.youtube.com/watch?v=xOae8N0fzE0,https://i9.ytimg.com/vi/xOae8N0fzE0/hqdefault.jpg?sqp=CPCHwtEG&rs=AOn4CLBmv-1B69V-ov4eXq5zOOqUqYMSeQ,2020-08-12T19:38:54Z
2000 ANTHONY 4TH BDAY,JUNE 2000 | ANTHONY'S BIRTHDAY,June 2000 Anthony's Birthday,2000,Birthdays,wM0gf9rzCpM,https://www.youtube.com/watch?v=17pxWkAIXA0,https://i9.ytimg.com/vi/17pxWkAIXA0/hqdefault.jpg?sqp=CPCHwtEG&rs=AOn4CLBoFpWJtshtfGcIbybis69Hh21tHA,2020-08-12T19:37:14Z
1999 LUKE HILLCREST,SEPTEMBER | 1999 | LUKE TOUR OF FERGUS FALLS | SEP 19 | 1999,1999 Luke Tour Of Fergus Falls,1999-09,Fawcett Family,ZX-knCitRzs,https://www.youtube.com/watch?v=wM0gf9rzCpM,https://i9.ytimg.com/vi/wM0gf9rzCpM/hqdefault.jpg?sqp=CPCHwtEG&rs=AOn4CLDW_9ywpS_Bg80x21JEohMHncnqcA,2020-08-12T19:35:08Z
1999 ALEX BIRTHDAY,JANUARY 1999 | ALEX'S BIRTHDAY,January 1999 Alex's Birthday,1999,Birthdays,DjDbyWqQkTc,https://www.youtube.com/watch?v=ZX-knCitRzs,https://i9.ytimg.com/vi/ZX-knCitRzs/hqdefault.jpg?sqp=CPCHwtEG&rs=AOn4CLCjrgEcZKDxdGkpxjBFAujynm9qmg,2020-08-12T19:34:41Z
2000 BASEBALL CAMP,JULY 2000 | KEVIN'S BASEBALL CAMP | 1:25PM | JUL 14 2000,July 2000 Kevin's Baseball Camp,2000-07-14,TDKK,p_HOGQjnZ3Y,https://www.youtube.com/watch?v=DjDbyWqQkTc,https://i9.ytimg.com/vi/DjDbyWqQkTc/hqdefault.jpg?sqp=CPCHwtEG&rs=AOn4CLA20rcOdH8vmRMz_wZI7Z6JK_eTfQ,2020-08-12T19:33:10Z
1999 GRANTS BIRTHDAY,JULY 1999 | GRANT'S BIRTHDAY | 1.87,July 1999 Grant's Birthday,1999,Birthdays,oWP65gBoLuU,https://www.youtube.com/watch?v=p_HOGQjnZ3Y,https://i9.ytimg.com/vi/p_HOGQjnZ3Y/hqdefault.jpg?sqp=CPCHwtEG&rs=AOn4CLCEzHMujB6fCsTG8KoeeMLWoDRyYQ,2020-08-12T19:32:18Z
1999 KEVIN TED BIRTHDAY,MARCH 1999 | KEVIN AND TED'S BIRTHDAY,March 1999 Kevin And Ted's Birthday,1999,Birthdays,EzJvdV9PO_8,https://www.youtube.com/watch?v=oWP65gBoLuU,https://i9.ytimg.com/vi/oWP65gBoLuU/hqdefault.jpg?sqp=CPCHwtEG&rs=AOn4CLAoDmXleYkdbRQp7WO84kGph00Drw,2020-08-12T19:31:52Z
1999 EASTER SEVERINOS,EASTER 1999 | SEVERINOS | APR | 4.99 PM | 2:30,Easter 1999 Severinos,1999-04,Severino Holidays,wweahc3FX1M,https://www.youtube.com/watch?v=EzJvdV9PO_8,https://i9.ytimg.com/vi/EzJvdV9PO_8/hqdefault.jpg?sqp=CPCHwtEG&rs=AOn4CLAs7JGHMEq36_1mvujjrqw5f-A69A,2020-08-12T19:31:19Z
1999 FATHER'S DAY,JUNE 1999 | FATHER'S DAY | HAPPY | FATHERSDAY,June 1999 Father's Day,1999,Severino Holidays,89SLVdHQBEg,https://www.youtube.com/watch?v=wweahc3FX1M,https://i9.ytimg.com/vi/wweahc3FX1M/hqdefault.jpg?sqp=CPCHwtEG&rs=AOn4CLAprf7JYrC-vzm5_5tB6Mk4hljyTg,2020-08-12T19:31:01Z
1991 ORLANDO LUKE LINDS,SPRING 1991 | LUKE & LINDSAY GO TO ORLANDO,Spring 1991 Luke & Lindsay Go To Orlando,1991-04,Florida,Es4l-JAPNo8,https://www.youtube.com/watch?v=89SLVdHQBEg,https://i9.ytimg.com/vi/89SLVdHQBEg/hqdefault.jpg?sqp=CPCHwtEG&rs=AOn4CLD3xLMSdraR8FKrcwWSaeGyRgx2cA,2020-08-12T13:51:10Z
1998 Sunny Playing,OCTOBER 1998 | SUNNY PLAYING,October 1998 Sunny Playing,1998,TDKK,aIwPvJszWaA,https://www.youtube.com/watch?v=Es4l-JAPNo8,https://i9.ytimg.com/vi/Es4l-JAPNo8/hqdefault.jpg?sqp=CPCHwtEG&rs=AOn4CLCpW8NkFMehM_EtDQfUFgPfDCxApQ,2020-08-12T19:29:40Z
1996 Christmas Eve Mobergs,CHRISTMAS | EVE 1996 | MOBERG HOUSE | PART 2,Christmas Eve 1996 Moberg House Part,1996-12,Moberg Christmas,u7rUcPklYbQ,https://www.youtube.com/watch?v=aIwPvJszWaA,https://i9.ytimg.com/vi/aIwPvJszWaA/hqdefault.jpg?sqp=CPCHwtEG&rs=AOn4CLB0egFajkV7W0Xe97nGa86l34s3qw,2020-08-12T19:07:49Z
1996 SEA WORLD,FEBRUARY | 1996 | SEVERINOS AT SEA WORLD | FEB. 19 1996,1996 Severinos At Sea World,1996-02-19,Florida,0JdK9a962EA,https://www.youtube.com/watch?v=u7rUcPklYbQ,https://i9.ytimg.com/vi/u7rUcPklYbQ/hqdefault.jpg?sqp=CPCHwtEG&rs=AOn4CLB85AZtyIWbduXdMiqZehT7suhkng,2020-08-12T19:27:19Z
1996 STEVEN NURSERY SCHOOL,JUNE 1996 | STEVEN'S NURSERY SCHOOL | GRADUATION,June 1996 Steven's Nursery School Graduation,1996-06,Fawcett Family,BQYxeaq3Ff4,https://www.youtube.com/watch?v=0JdK9a962EA,https://i9.ytimg.com/vi/0JdK9a962EA/hqdefault.jpg?sqp=CPCHwtEG&rs=AOn4CLClMLqguyhEh-Jj8WwZe1IROJPJbA,2020-08-12T19:25:44Z
1997 ST PATRICKS,ST PATRICK'S | DAY 1997 | MAR | 9.97 PM | 7:05,St. Patrick's Day 1997,1997,Severino Holidays,fC4cWztZoNA,https://www.youtube.com/watch?v=BQYxeaq3Ff4,https://i9.ytimg.com/vi/BQYxeaq3Ff4/hqdefault.jpg?sqp=CPCHwtEG&rs=AOn4CLC27ywsMgWlMr7xRkdeEuLN3JkClA,2020-08-12T19:25:24Z
1998 AUGUST Grandpa 65th,AUGUST 1998 | GRANDPA'S 65TH,August 1998 Grandpa's 65Th,1998,Birthdays,PBGx_1_QVGw,https://www.youtube.com/watch?v=fC4cWztZoNA,https://i9.ytimg.com/vi/fC4cWztZoNA/hqdefault.jpg?sqp=CPCHwtEG&rs=AOn4CLDmJRXCSOY1btAApK-Wq5ZC8S8AWg,2020-08-12T19:24:47Z
1996 SEPT Fawcetts First Day,SEPTEMBER | 1996 | FAWCETT'S FIRST DAY OF SCHOOL,1996 Fawcett's First Day Of School,1996,First Day of School,jwTj-DPoPTw,https://www.youtube.com/watch?v=PBGx_1_QVGw,https://i9.ytimg.com/vi/PBGx_1_QVGw/hqdefault.jpg?sqp=CPCHwtEG&rs=AOn4CLAH7tTpGmI7Vka1eaXRs5UoP_sWIQ,2020-08-12T19:24:26Z
1996 WOODVIEW,APRIL 1996 | WOODVIEW DR TOUR,April 1996 Woodview Drive Tour,1996,TDKK,IE7SwWCfgio,https://www.youtube.com/watch?v=jwTj-DPoPTw,https://i9.ytimg.com/vi/jwTj-DPoPTw/hqdefault.jpg?sqp=CPCHwtEG&rs=AOn4CLAfZbBXfuzheFG3HuC0ER3HDlze6A,2020-08-12T19:23:22Z
1997 EASTER SEVERINOS,EASTER 1997 | SEVERINOS | HAPPY EASTER 97,Easter 1997 Severinos,1997-04,Severino Holidays,mrmm0kk2wF8,https://www.youtube.com/watch?v=IE7SwWCfgio,https://i9.ytimg.com/vi/IE7SwWCfgio/hqdefault.jpg?sqp=CPCHwtEG&rs=AOn4CLDf96gKvo9vUAjTSN1G23je81Pr9w,2020-08-12T19:23:04Z
1997 grant christening,AUGUST 1997 | GRANT'S CHRISTENING AND PARTY,August 1997 Grant's Christening And Party,1997,Moberg Family,FdC-autqo-E,https://www.youtube.com/watch?v=mrmm0kk2wF8,https://i9.ytimg.com/vi/mrmm0kk2wF8/hqdefault.jpg?sqp=CPCHwtEG&rs=AOn4CLBtuwaFKoPXW5aXu2y4i190NIFPUg,2020-08-12T19:22:05Z
1997 GRANDMA SEV 80TH,JANUARY 1997 | GRANDMA SEVERINO'S | 80TH BIRTHDAY | JAN. 19.97 PM | 5:32,January 1997 Grandma Severino's 80Th Birthday,1997-01-19,Birthdays,Xx0kbGqPePo,https://www.youtube.com/watch?v=FdC-autqo-E,https://i9.ytimg.com/vi/FdC-autqo-E/hqdefault.jpg?sqp=CPCHwtEG&rs=AOn4CLBugofSK_dLTtxPedZdydzVtas3QQ,2020-08-12T19:21:30Z
1997 KEVINS BIRTHDAY,MARCH 1997 | KEVIN'S 7TH BIRTHDAY PARTY | MAR 15.97 PM | 8:51,March 1997 Kevin's 7Th Birthday Party,1997-03-15,Birthdays,bsIlygRbhfM,https://www.youtube.com/watch?v=Xx0kbGqPePo,https://i9.ytimg.com/vi/Xx0kbGqPePo/hqdefault.jpg?sqp=CPCHwtEG&rs=AOn4CLD2yXIMcjRANjE88vAurmBfoTk2iw,2020-08-12T19:21:07Z
Severino Special,SEVERINO | CHRISTMAS | SPECIAL,Severino Christmas Special,2020 (upload),Severino Christmas,W5Zfna6FmSY,https://www.youtube.com/watch?v=bsIlygRbhfM,https://i9.ytimg.com/vi/bsIlygRbhfM/maxresdefault.jpg?sqp=CPCHwtEG&rs=AOn4CLAz39pHWgv4HcYr6nNYKWlBdO7FLw,2020-12-19T05:38:28Z
1996 NYE,NEW YEARS | EVE 1996 | SEVERINOS | DEC 31.96 PM 11:57,New Years Eve 1996 Severinos,1996-12-31,Severino Holidays,iogdOkRLK2A,https://www.youtube.com/watch?v=W5Zfna6FmSY,https://i9.ytimg.com/vi/W5Zfna6FmSY/hqdefault.jpg?sqp=CPCHwtEG&rs=AOn4CLC6PTWrVykRrkWhA9pBj_tos9ibzQ,2020-08-12T19:20:10Z
1997 KEVINS 7TH BDAY MAGICIAN,MARCH 1997 | KEVIN'S 7TH BIRTHDAY,March 1997 Kevin's 7Th Birthday,1997,Birthdays,0EKjEAeGJVU,https://www.youtube.com/watch?v=iogdOkRLK2A,https://i9.ytimg.com/vi/iogdOkRLK2A/hqdefault.jpg?sqp=CPCHwtEG&rs=AOn4CLD1oCKFFP7I5zTu9wNn0PbkAAl4UQ,2020-08-12T19:18:50Z
1996 pumpkin picking severinos,OCTOBER 1996 | ЛPKIN | SEVERINOS PUMPKIN PICKING | OCT 12.96 PM | 5:28,October 1996 Severinos Pumpkin Picking,1996-10-12,Severino Family,woEP_EWHilY,https://www.youtube.com/watch?v=0EKjEAeGJVU,https://i9.ytimg.com/vi/0EKjEAeGJVU/hqdefault.jpg?sqp=CPCHwtEG&rs=AOn4CLCsJQCn3-LSyO6PxpBGv1s_D3WqEQ,2020-08-12T19:18:43Z
1995 NORWAY,NORWAY 1995 | FAMILY REUNION,Norway 1995 Family Reunion,1995-07,Moberg Family,c3RM_QDuzdk,https://www.youtube.com/watch?v=woEP_EWHilY,https://i.ytimg.com/vi/woEP_EWHilY/hqdefault.jpg,2020-08-12T19:13:35Z
1995 CHRISTMAS FAWCETTS,CHRISTMAS | MORNING 1995 | FAWCETT HOUSE,Christmas Morning 1995 Fawcett House,1995-12,Christmas Morn Faw,vLTdZC3-tUg,https://www.youtube.com/watch?v=c3RM_QDuzdk,https://i9.ytimg.com/vi/c3RM_QDuzdk/hqdefault.jpg?sqp=CPCHwtEG&rs=AOn4CLAAtxqBTxyaXpnDghc_SQLBGEtZow,2020-08-12T15:41:15Z
1996 DISNEY SEVERINOS,FEBRUARY | 1996 | SEVERINOS AT MGM STUDIOS,1996 Severinos At Mgm Studios,1996,Florida,_OJHaV8QZJw,https://www.youtube.com/watch?v=vLTdZC3-tUg,https://i9.ytimg.com/vi/vLTdZC3-tUg/hqdefault.jpg?sqp=CPCHwtEG&rs=AOn4CLBiFeCQ9e2czLoOGaQHlhDj4jdFdg,2020-08-12T19:11:25Z
1995 NEVINWOOD,AUGUST 1995 | NEVINWOOD POOL,August 1995 Nevinwood Pool,1995,Moberg Family,cjWrozZsRT4,https://www.youtube.com/watch?v=_OJHaV8QZJw,https://i9.ytimg.com/vi/_OJHaV8QZJw/hqdefault.jpg?sqp=CPCHwtEG&rs=AOn4CLAlVhsjVBonKE6zoYH0Xlxq16iKLA,2020-08-12T19:09:29Z
2002 Christmas Morning,CHRISTMAS | MORNING 2002 | 8:07:21AM | DEC 25 2002,Christmas Morning 2002,2002-12-25,Christmas Morn Sev,l_g5NZCOjwg,https://www.youtube.com/watch?v=cjWrozZsRT4,https://i9.ytimg.com/vi/cjWrozZsRT4/hqdefault.jpg?sqp=CPCHwtEG&rs=AOn4CLAvDT0aB_iAKHWAW1fHMoFWVRRmKw,2020-08-13T14:36:12Z
1996 anthony christening,OCTOBER 1996 | ANTHON'YS CHRISTENING AND PARTY,October 1996 Anthony's Christening And Party,1996,Severino Family,Zdz1ftSO_uU,https://www.youtube.com/watch?v=l_g5NZCOjwg,https://i9.ytimg.com/vi/l_g5NZCOjwg/hqdefault.jpg?sqp=CPCHwtEG&rs=AOn4CLBe-ApVl5hOo7jn5F_fBCtyH5tblQ,2020-08-12T19:06:55Z
1996 Block Party Meath,AUGUST 1996 | MEATH BLOCK PARTY,August 1996 Meath Block Party,1996,Severino Family,e0dNc2C5CkY,https://www.youtube.com/watch?v=Zdz1ftSO_uU,https://i9.ytimg.com/vi/Zdz1ftSO_uU/hqdefault.jpg?sqp=CPCHwtEG&rs=AOn4CLBmVqF4kHVRQlfwQcbz_kpYQq9Ehg,2020-08-12T19:06:11Z
1991 Christmas Severinos,CHRISTMAS | 1991 | SEVERINO HOUSERLO | 12/25/91,Christmas 1991 Severino House,1991-12-25,Severino Christmas,eB52p0tQkGI,https://www.youtube.com/watch?v=e0dNc2C5CkY,https://i9.ytimg.com/vi/e0dNc2C5CkY/hqdefault.jpg?sqp=CPCHwtEG&rs=AOn4CLBItxLWyBi3thzt10lkxuFT8JUOjQ,2020-08-12T13:50:50Z
1994 Christmas frog pond,CHRISTMAS | MORNING 1994 | FROG POND,Christmas Morning 1994 Frog Pond,1994-12,Christmas Morn Sev,XCRqKsC9ztI,https://www.youtube.com/watch?v=eB52p0tQkGI,https://i9.ytimg.com/vi/eB52p0tQkGI/hqdefault.jpg?sqp=CPCHwtEG&rs=AOn4CLD3qgRyFHkQcRhNi8RxPxkyGEiaKQ,2020-08-12T15:39:28Z
1996 kevin birthday,MARCH 1996 | KEVIN'S 6TH BIRTHDAY PARTY,March 1996 Kevin's 6Th Birthday Party,1996,Birthdays,7SuP4QVjK-s,https://www.youtube.com/watch?v=XCRqKsC9ztI,https://i9.ytimg.com/vi/XCRqKsC9ztI/hqdefault.jpg?sqp=CPCHwtEG&rs=AOn4CLA9WuJzZa-M01YyviWBe6S-S6-K5Q,2020-08-12T18:58:02Z
1995 STEVEN PLAY,DECEMBER | 1995 | STEVEN'S CONCERT,1995 Steven's Concert,1995,Fawcett Family,TVH1yd5U00U,https://www.youtube.com/watch?v=7SuP4QVjK-s,https://i9.ytimg.com/vi/7SuP4QVjK-s/hqdefault.jpg?sqp=CPCHwtEG&rs=AOn4CLB7aW1qEUOpOMZlR56pggrsbSFvzw,2020-08-12T18:56:44Z
1995 TUSC,JULY 1995 | TUSCARORA,July 1995 Tuscarora,1995,Moberg Family,EyUTitlD414,https://www.youtube.com/watch?v=TVH1yd5U00U,https://i9.ytimg.com/vi/TVH1yd5U00U/hqdefault.jpg?sqp=CPCHwtEG&rs=AOn4CLA3x7Pz86guC0Yq1dsbUc1E9jScGg,2020-08-12T18:53:02Z
1996 BASEBALL PARADE,APRIL 1996 | KEVIN'S BASEBALL PARADE | APR. 14 1996,April 1996 Kevin's Baseball Parade,1996-04-14,TDKK,c4HXYc_C0Sg,https://www.youtube.com/watch?v=EyUTitlD414,https://i9.ytimg.com/vi/EyUTitlD414/hqdefault.jpg?sqp=CPCHwtEG&rs=AOn4CLA6lleOgpFiu6e2BJsu17bwRui7Lw,2020-08-12T18:52:37Z
1995 Kevin PRESCHOOL,JUNE 1995 | KEVIN'S NURSERY GRADUATION,June 1995 Kevin's Nursery Graduation,1995-06,TDKK,3ZczwZLBv74,https://www.youtube.com/watch?v=c4HXYc_C0Sg,https://i9.ytimg.com/vi/c4HXYc_C0Sg/hqdefault.jpg?sqp=CPCHwtEG&rs=AOn4CLB-9IcqZasnXJitoE6_YYblSIKAZw,2020-08-12T18:51:24Z
1995 HALLOWEEN,HALLOWEEN | 1995,Halloween 1995,1995-10,Halloween,0vesSz8ewdM,https://www.youtube.com/watch?v=3ZczwZLBv74,https://i9.ytimg.com/vi/3ZczwZLBv74/hqdefault.jpg?sqp=CPCHwtEG&rs=AOn4CLAhD2OuqW0twfHkqUPxfSA0v4mjFg,2020-08-12T18:48:38Z
1995 FROG POND FIRST DAY,SEPTEMBER | 1995 | FIRST DAY OF SCHOOL | SEPd | 5 1995,1995 First Day Of School,1995,First Day of School,bVEa1dkdFfQ,https://www.youtube.com/watch?v=0vesSz8ewdM,https://i9.ytimg.com/vi/0vesSz8ewdM/hqdefault.jpg?sqp=CPCHwtEG&rs=AOn4CLBN5yXz1u40JMqik4YbsTrkVD64Hw,2020-08-12T18:47:55Z
1998 FLORIDA,OCTOBER 1998 | FLORIDA (TOMMY &TONY FAM),October 1998 Florida (Tommy &Tony Fam),1998-2,Florida,eJt6fxexACk,https://www.youtube.com/watch?v=bVEa1dkdFfQ,https://i9.ytimg.com/vi/bVEa1dkdFfQ/hqdefault.jpg?sqp=CPCHwtEG&rs=AOn4CLA4x4p1XiYx5I-R12Rz_Pq6og-GRw,2020-08-24T19:10:57Z
1991 DISNEY CHARACTERS LUKE LINDSAY,SPRING 1991 | DISNEY CHARACTER BREAKFAST | LUKE & LINDSAY,Spring 1991 Disney Character Breakfast Luke & Lindsay,1991-04,Florida,EKBSFsi29ag,https://www.youtube.com/watch?v=eJt6fxexACk,https://i9.ytimg.com/vi/eJt6fxexACk/hqdefault.jpg?sqp=CPCHwtEG&rs=AOn4CLDeVfLrd5KhEWCJiqniKV7jmi23qg,2020-08-12T13:51:14Z
1991 DISNEY CHARACTERS LUKE LINDSAY,SPRING 1991 | DISNEY CHARACTER BREAKFAST | LUKE & LINDSAY,Spring 1991 Disney Character Breakfast Luke & Lindsay,1991-04,Florida,FfXR9UFEaoo,https://www.youtube.com/watch?v=eJt6fxexACk,https://i9.ytimg.com/vi/eJt6fxexACk/hqdefault.jpg?sqp=CPCHwtEG&rs=AOn4CLDeVfLrd5KhEWCJiqniKV7jmi23qg,2020-08-12T13:51:14Z
1991 DISNEY LUKE AND LINDSAY,SPRING 1991 | WALT DISNEY WORLD | LUKE & LINDSAY,Spring 1991 Walt Disney World Luke & Lindsay,1991-04,Florida,LNW3AFslv-4,https://www.youtube.com/watch?v=EKBSFsi29ag,https://i9.ytimg.com/vi/EKBSFsi29ag/hqdefault.jpg?sqp=CPCHwtEG&rs=AOn4CLBzVipncZTmnT0j-STFTAenfFl-iw,2020-08-12T13:50:48Z
Christmas1961,CHRISTMAS | 1961,Christmas 1961,1961-12,60s Moberg Christmas,a2LRrU5qKBA,https://www.youtube.com/watch?v=FfXR9UFEaoo,https://i9.ytimg.com/vi/FfXR9UFEaoo/hqdefault.jpg?sqp=CPCHwtEG&rs=AOn4CLCueuJ4FTB-hxUDj9-KkV8wv0EMYA,2020-12-23T15:22:48Z
1994 KEVINS BIRTHDAY,MARCH 1994 | KEVIN'S 4TH BIRTHDAY | MAR. 12 | 1994,March 1994 Kevin's 4Th Birthday,1994,Birthdays,GdbGKLJPF78,https://www.youtube.com/watch?v=LNW3AFslv-4,https://i9.ytimg.com/vi/LNW3AFslv-4/hqdefault.jpg?sqp=CPCHwtEG&rs=AOn4CLCqIK6wfc5aabLHj_s8Cl2nmzEY_w,2020-08-12T15:42:59Z
1993 RAKING LEAVES,NOVEMBER | 1993 | RAKING LEAVES | FROG POND | NOUL 11 1993,1993 Raking Leaves Frog Pond,1993,TDKK,GlrIWgfvASA,https://www.youtube.com/watch?v=a2LRrU5qKBA,https://i9.ytimg.com/vi/a2LRrU5qKBA/hqdefault.jpg?sqp=CPCHwtEG&rs=AOn4CLCxsui29khCn9_UYPe5no0D-3KpNw,2020-08-12T15:42:02Z
1996 CHRISTMAS DAY SEVERINOS,CHRISTMAS | 1996 | SEVERINO HOUSE | DEC. 25 | 1996,Christmas 1996 Severino House,1996-12,Severino Christmas,Gztgos96qrM,https://www.youtube.com/watch?v=GdbGKLJPF78,https://i9.ytimg.com/vi/GdbGKLJPF78/hqdefault.jpg?sqp=CPCHwtEG&rs=AOn4CLAkZAz6UQE3rnD3xC6ms5fahyCwdQ,2020-08-12T19:05:10Z
Christmas 1960,CHRISTMAS | 1960,Christmas 1960,1960-12,60s Moberg Christmas,hd9aTiKSpVA,https://www.youtube.com/watch?v=GlrIWgfvASA,https://i9.ytimg.com/vi/GlrIWgfvASA/hqdefault.jpg?sqp=CPCHwtEG&rs=AOn4CLCj8g6qsS-QWIl2m4BUaZeEv6vRzQ,2020-12-23T04:15:19Z
1989 CHRISTMAS DAY FAWCETTS,CHRISTMAS | 1989 | FAWCETT HOUSE,Christmas 1989 Fawcett House,1989-12,Moberg Christmas,gsT5q7kQmj4,https://www.youtube.com/watch?v=Gztgos96qrM,https://i9.ytimg.com/vi/Gztgos96qrM/hqdefault.jpg?sqp=CPCHwtEG&rs=AOn4CLCl0G-qg5sCKjNFv2hVC42I2czRCA,2020-08-12T13:43:27Z
1995 CHRISTMAS EVE,CHRISTMAS | EVE 1995 | MOBERG HOUSE | FAWCETT CAM,Christmas Eve 1995 Moberg House Fawcett Cam,1995-12,Moberg Christmas,IBdP1lqLsyM,https://www.youtube.com/watch?v=hd9aTiKSpVA,https://i9.ytimg.com/vi/hd9aTiKSpVA/hqdefault.jpg?sqp=CPCHwtEG&rs=AOn4CLBOTF9X2nQ7RN6jQq5K_-76Xo175A,2020-08-12T15:47:04Z
1995 FLORIDA ASSORTED SEVERINO,MARCH 1995 | DISNEY | SEA WORLD | CYPRESS HARBOUR | MAR. | 3 1995,March 1995 Disney Sea World Cypress Harbour,1995-4,Florida,ibL6xsViW3g,https://www.youtube.com/watch?v=gsT5q7kQmj4,https://i9.ytimg.com/vi/gsT5q7kQmj4/hqdefault.jpg?sqp=CPCHwtEG&rs=AOn4CLAElFNTfMBA2jQ_riIELz6e5Uwp8Q,2020-08-12T16:02:47Z
A Moberg Christmas Special,MOBERG | CHRISTMAS | SPECIAL,Moberg Christmas Special,2020 (upload),Moberg Christmas,g0GvhtRhH1o,https://www.youtube.com/watch?v=IBdP1lqLsyM,https://i9.ytimg.com/vi/IBdP1lqLsyM/maxresdefault.jpg?sqp=CPCHwtEG&rs=AOn4CLDQa0TztjGVFKQCccZVMgofbNRl_Q,2020-12-19T02:18:54Z
1994 CHRISTMAS CHURCH PROGRAM,DECEMBER | 1993 & 1994 | CHRISTMAS PROGRAM,Christmas Program,1993-12,Christmas Program,GQhpVkmaDWU,https://www.youtube.com/watch?v=ibL6xsViW3g,https://i9.ytimg.com/vi/ibL6xsViW3g/hqdefault.jpg?sqp=CPCHwtEG&rs=AOn4CLDutcrn5qoSh4MsvMoJ0ccCd7YENA,2020-08-12T15:38:53Z
1994 FROG POND KK PLAYING,MARCH 1994 | KRISTEN AND KEVIN AT FROG POND | MAR. 18 1994,March 1994 Kristen And Kevin At Frog Pond,1994-03-18,TDKK,mIp5i81mars,https://www.youtube.com/watch?v=g0GvhtRhH1o,https://i9.ytimg.com/vi/g0GvhtRhH1o/hqdefault.jpg?sqp=CPCHwtEG&rs=AOn4CLA9KglMU72JpucsPfw3UssXU5HrkQ,2020-08-12T15:34:16Z
1993 LUKE 10TH,JUNE 1993 | LUKE'S 10TH BIRTHDAY,June 1993 Luke's 10Th Birthday,1993,Birthdays,3TaUHqCvuHI,https://www.youtube.com/watch?v=GQhpVkmaDWU,https://i9.ytimg.com/vi/GQhpVkmaDWU/hqdefault.jpg?sqp=CPCHwtEG&rs=AOn4CLDM3V5EBmUkeztXa6ITvglILjJ82g,2020-08-12T15:32:59Z
1993 POPPY BDAY,MAY 1993 | TONY'S 50TH BIRTHDAY,May 1993 Tony's 50Th Birthday,1993,Birthdays,EQXIkqKUizs,https://www.youtube.com/watch?v=mIp5i81mars,https://i9.ytimg.com/vi/mIp5i81mars/hqdefault.jpg?sqp=CPCHwtEG&rs=AOn4CLBBRmO1uKynURMsvGRwINZ51195tA,2020-08-12T15:28:33Z
1993 LEANNE KG THANKSGIVING,NOVEMBER | 1993 | LEANNE THANKSGIVING AT SCHOOL | 23. 93,1993 Leanne Thanksgiving At School,1993-11,Fawcett Family,D1HZ5h9mhV4,https://www.youtube.com/watch?v=3TaUHqCvuHI,https://i9.ytimg.com/vi/3TaUHqCvuHI/hqdefault.jpg?sqp=CPCHwtEG&rs=AOn4CLAmav4ffvPzWd1CJ-MPxvopBjtRhQ,2020-08-12T15:24:04Z
1993 KRISTEN AT HOME,NOVEMBER | 1993 | KRISTEN AT HOME | ОСТ. 28 1993,1993 Kristen At Home,1993,TDKK,kCuAr5uDB2U,https://www.youtube.com/watch?v=EQXIkqKUizs,https://i9.ytimg.com/vi/EQXIkqKUizs/hqdefault.jpg?sqp=CPCHwtEG&rs=AOn4CLAOodWANHGNDwYcf5WEvpK65RUldw,2020-08-12T15:19:16Z
1993 EASTER SEVERINOS,EASTER 1993 | SEVERINO HOUSE,Easter 1993 Severino House,1993-04,Severino Holidays,kdrhopWQzV8,https://www.youtube.com/watch?v=D1HZ5h9mhV4,https://i9.ytimg.com/vi/D1HZ5h9mhV4/hqdefault.jpg?sqp=CPCHwtEG&rs=AOn4CLAIrBWAQMcCPG5Hav4yH3n7v80EVg,2020-08-12T15:13:55Z
1993 dawns 30th,MAY 1993 | DAWN'S 30TH BIRTHDAY,May 1993 Dawn's 30Th Birthday,1993,Birthdays,tHzaI-efofk,https://www.youtube.com/watch?v=kCuAr5uDB2U,https://i9.ytimg.com/vi/kCuAr5uDB2U/hqdefault.jpg?sqp=CPCHwtEG&rs=AOn4CLDyPGf9K5SAkqBhpw1S1QG2WP7Asg,2020-08-12T15:13:49Z
1993 JULY 4TH,JULY 4TH | 1993 | SEVERINOS AT THE PARK,July 4Th 1993 Severinos At The Park,1993,Severino Family,G_i8T6pCdWc,https://www.youtube.com/watch?v=kdrhopWQzV8,https://i9.ytimg.com/vi/kdrhopWQzV8/hqdefault.jpg?sqp=CPCHwtEG&rs=AOn4CLCVRHGgHppm_vKO7yoFRl5MGMCdgQ,2020-08-12T15:12:39Z
1993 COUSINS AT PARK,NOVEMBER 1993 | STEVEN AND KEVIN | L HECKSCHER PARK,November 1993 Steven And Kevin Heckscher Park,1993,Moberg Family,Y7VITzksud4,https://www.youtube.com/watch?v=tHzaI-efofk,https://i9.ytimg.com/vi/tHzaI-efofk/hqdefault.jpg?sqp=CPCHwtEG&rs=AOn4CLBtvpL0VxIhV9CQiuqUy0GUbXp1QA,2020-08-12T15:11:30Z
1993 DECEMBER FROG POND,DECEMBER | 1993 | KRISTEN AND KEVIN SPINNING | DEC. 20 1993,1993 Kristen And Kevin Spinning,1993-12-20,TDKK,PMzszXMPcA4,https://www.youtube.com/watch?v=G_i8T6pCdWc,https://i9.ytimg.com/vi/G_i8T6pCdWc/hqdefault.jpg?sqp=CPCHwtEG&rs=AOn4CLD-AokQsYCmEv3mStRXfBqV-jFAzQ,2020-08-12T15:10:54Z
1993 CHRISTMAS PLAY,DECEMBER | 1993 | CHURCH PROGRAM,1993 Church Program,1993-12,Christmas Program,LTCjuwchFDE,https://www.youtube.com/watch?v=Y7VITzksud4,https://i9.ytimg.com/vi/Y7VITzksud4/hqdefault.jpg?sqp=CPCHwtEG&rs=AOn4CLBvC7I0fi6rBPFcJMV_aySUOLaNjQ,2020-08-12T15:10:40Z
1993 FROG POND KK PLAYING IN ROOM,FEBRUARY | 1993 | KRISTEN AND KEVIN THROWING TOYS,1993 Kristen And Kevin Throwing Toys,1993,TDKK,z2fdkoirddk,https://www.youtube.com/watch?v=PMzszXMPcA4,https://i9.ytimg.com/vi/PMzszXMPcA4/hqdefault.jpg?sqp=CPCHwtEG&rs=AOn4CLAE8k4ZVyAgm4wCVScUP5PsrWFt8Q,2020-08-12T15:10:17Z
1993 KEVIN AND KRISTEN AT HOME,NOVEMBER | 1993 | KRISTEN AND KEVIN AT HOME,1993 Kristen And Kevin At Home,1993,TDKK,IC9d-d-YJws,https://www.youtube.com/watch?v=LTCjuwchFDE,https://i9.ytimg.com/vi/LTCjuwchFDE/hqdefault.jpg?sqp=CPCHwtEG&rs=AOn4CLDLu4IruHzo4RUSJuvKrhBPs4KxOQ,2020-08-12T15:09:55Z
1993 HALLOWEEN,HALLOWEEN | 1993 | SEVERINO HOUSE | PM | 49:43,Halloween 1993 Severino House,1993-10,Halloween,IIAD8c1m5FM,https://www.youtube.com/watch?v=z2fdkoirddk,https://i9.ytimg.com/vi/z2fdkoirddk/hqdefault.jpg?sqp=CPCHwtEG&rs=AOn4CLDdXanvchD0iK_YLvNlxSUVpVAVGQ,2020-08-12T15:09:10Z
1989 CHRISTMAS PARTY 2,DECEMBER 1989 | CHRISTMAS PARTY 2,December 1989 Christmas Party,1989-12,Moberg Christmas,TQ3GmW0CcTs,https://www.youtube.com/watch?v=IC9d-d-YJws,https://i9.ytimg.com/vi/IC9d-d-YJws/hqdefault.jpg?sqp=CPCHwtEG&rs=AOn4CLBuQQ-of5SwP5muwiBBV7EvA9_PZw,2020-08-12T13:43:50Z
2001 christmas eve grandpa reading,CHRISTMAS | EVE 2001 | GRANDPA READING | THE CHRISTMASSTORY | DEC 242001,Christmas Eve 2001 Grandpa Reading The Christmasstory,2001-12,Moberg Christmas,J_JbO5hM_GE,https://www.youtube.com/watch?v=IIAD8c1m5FM,https://i9.ytimg.com/vi/IIAD8c1m5FM/hqdefault.jpg?sqp=CPCHwtEG&rs=AOn4CLCOu_RPW0wz-UFKHmKbpO925emugw,2020-08-13T01:08:13Z
1992 TONY BDAY,DAPRIL 1992 | TONY'S BIRTHDAY | APR. 24 1992,April 1992 Tony's Birthday,1992-04-24,Birthdays,J6MoWkpl0hk,https://www.youtube.com/watch?v=TQ3GmW0CcTs,https://i9.ytimg.com/vi/TQ3GmW0CcTs/hqdefault.jpg?sqp=CPCHwtEG&rs=AOn4CLDh0qSVa1S69u6HcU2C0Y3QFzqtnw,2020-08-12T14:51:34Z
1998 CHRISTMAS EVE,CHRISTMAS | EVE 1998 | WOODVIEW DR,Christmas Eve 1998 Woodview Drive,1998-12,Moberg Christmas,-pcQ9l-ZqSg,https://www.youtube.com/watch?v=J_JbO5hM_GE,https://i9.ytimg.com/vi/J_JbO5hM_GE/hqdefault.jpg?sqp=CPCHwtEG&rs=AOn4CLAa19oinwj9JClIX5bagffUGLriyQ,2020-08-12T19:29:27Z
1992 TOMMY AND ALEX READING,JANUARY 1992 | TOMMY AND ALEX READING,January 1992 Tommy And Alex Reading,1992,Severino Family,aoKogdDV44w,https://www.youtube.com/watch?v=J6MoWkpl0hk,https://i9.ytimg.com/vi/J6MoWkpl0hk/hqdefault.jpg?sqp=CPCHwtEG&rs=AOn4CLDwE5tA71FdrVkn3F_4zQ79sTV37A,2020-08-12T14:49:22Z
1992 SNOW DAY,MARCH 1992 | SNOW DAY AT THE SEVERINOS,March 1992 Snow Day At The Severinos,1992,Severino Family,4-qVtHlsMs4,https://www.youtube.com/watch?v=-pcQ9l-ZqSg,https://i9.ytimg.com/vi/-pcQ9l-ZqSg/hqdefault.jpg?sqp=CPCHwtEG&rs=AOn4CLDTmLiW9PwJJu6fXiswY4qQnCyitw,2020-08-12T14:47:34Z
1992 OCTOBER Kristen Christening,OCTOBER 1992 | KRISTEN'S CHRISTENING GIFTS | 10/11/92,October 1992 Kristen's Christening Gifts,1992-10-11,TDKK,yVuD_QyZok4,https://www.youtube.com/watch?v=aoKogdDV44w,https://i9.ytimg.com/vi/aoKogdDV44w/hqdefault.jpg?sqp=CPCHwtEG&rs=AOn4CLCkySIEuSV08QXmSC8jdyK08U6jFA,2020-08-12T14:47:13Z
1992 Pants Incident,MARCH 1992 | THE PANTS INCIDENT | 6:13 PM | 3/21/92,March 1992 The Pants Incident,1992-03-21,TDKK,dgVndiprLt4,https://www.youtube.com/watch?v=4-qVtHlsMs4,https://i9.ytimg.com/vi/4-qVtHlsMs4/hqdefault.jpg?sqp=CPCHwtEG&rs=AOn4CLAhV0lIQCyorJT41fVMkJn1bRq7Rg,2020-08-12T14:46:42Z
1992 Ted's 30th,MARCH 1992 | TED'S 30TH BIRTHDAY,March 1992 Ted's 30Th Birthday,1992,Birthdays,rLjcb8cAs3k,https://www.youtube.com/watch?v=yVuD_QyZok4,https://i9.ytimg.com/vi/yVuD_QyZok4/hqdefault.jpg?sqp=CPCHwtEG&rs=AOn4CLDoEw8nYsYBX_UKuLGyuHDRLYN6gA,2020-08-12T14:41:12Z
1992 Lindsay's 7th Birthday,JANUARY 1992 | LINDSAY'S 7TH BIRTHDAY,January 1992 Lindsay's 7Th Birthday,1992,Birthdays,CZRYoUgK8IM,https://www.youtube.com/watch?v=dgVndiprLt4,https://i9.ytimg.com/vi/dgVndiprLt4/hqdefault.jpg?sqp=CPCHwtEG&rs=AOn4CLB0Ih8nRen8Exkv6oHAghUSFW0iBQ,2020-08-12T14:38:21Z
1992 March Birthdays FP,"MARCH 1992 | MARCH BIRTHDAYS AT | FROG POND | 438,PM | 3/15/92",March 1992 March Birthdays At Frog Pond,1992-03-15,Birthdays,8i3VZAJBfkE,https://www.youtube.com/watch?v=rLjcb8cAs3k,https://i9.ytimg.com/vi/rLjcb8cAs3k/hqdefault.jpg?sqp=CPCHwtEG&rs=AOn4CLDPsypvEtLQezjYUM4s0WUY1cwjRA,2020-08-12T14:36:12Z
1992 THANKSGIVING,THANKSGIVING | 1992 | MOBERGS | 11/26/92,Thanksgiving 1992 Mobergs,1992-11-26,Moberg Holidays,AmlqDas2tIQ,https://www.youtube.com/watch?v=CZRYoUgK8IM,https://i9.ytimg.com/vi/CZRYoUgK8IM/hqdefault.jpg?sqp=CPCHwtEG&rs=AOn4CLCoeWL_0tnk6V76QxZ5iTlL6F7zOg,2020-08-12T14:34:20Z
1992 TOMMY 29TH BDAY,APRIL 1992 | TOMMY'S 29TH BIRTHDAY,April 1992 Tommy's 29Th Birthday,1992,Birthdays,MNQ7ijCdidg,https://www.youtube.com/watch?v=8i3VZAJBfkE,https://i9.ytimg.com/vi/8i3VZAJBfkE/hqdefault.jpg?sqp=CPCHwtEG&rs=AOn4CLCh2IvRfMkDktvXhFrRZj4wj8xKPQ,2020-08-12T14:32:36Z
1992 Memorial Day Frog Pond,MEMORIAL | DAY 1992 | FROG POND,Memorial Day 1992 Frog Pond,1992,Severino Holidays,sbyrGg2hREc,https://www.youtube.com/watch?v=AmlqDas2tIQ,https://i9.ytimg.com/vi/AmlqDas2tIQ/hqdefault.jpg?sqp=CPCHwtEG&rs=AOn4CLACGdmFMd-UhTyIOpBLXXClZ4kSZw,2020-08-12T14:31:57Z
1992 MOTHERS DAY,MOTHER'S DAY | 1992 | SEVERINO HOUSE,Mother's Day 1992 Severino House,1992,Severino Holidays,NliRaczv2R8,https://www.youtube.com/watch?v=MNQ7ijCdidg,https://i9.ytimg.com/vi/MNQ7ijCdidg/hqdefault.jpg?sqp=CPCHwtEG&rs=AOn4CLAzSWn26iE8p7gsRgzkLVfisPgsYA,2020-08-12T14:31:12Z
1992 KRISTEN CHRISTENING AND PARTY,OCTOBER 1992 | KRISTEN'S CHRISTENING AND PARTY | 10/11/92.,October 1992 Kristen's Christening And Party,1992-10-11,TDKK,L5IyBeIHTTg,https://www.youtube.com/watch?v=sbyrGg2hREc,https://i9.ytimg.com/vi/sbyrGg2hREc/hqdefault.jpg?sqp=CPCHwtEG&rs=AOn4CLC-2Axg5Tq2kXXBQvbFgvxMRGvbqg,2020-08-12T14:29:42Z
1992 LEANNE BIRTHDAY,OCTOBER 1992 | LEANNE'S 4TH BIRTHDAY,October 1992 Leanne's 4Th Birthday,1992,Birthdays,GqOgyGfs_A0,https://www.youtube.com/watch?v=NliRaczv2R8,https://i9.ytimg.com/vi/NliRaczv2R8/hqdefault.jpg?sqp=CPCHwtEG&rs=AOn4CLBfDk6eGhLZM7XPFn_d-36JJCkGUA,2020-08-12T14:28:14Z
1992 Kristen Birth and Days Home,AUGUST 1992 | KRISTEN BORN AND FIRST DAYS HOME | 8/30/92,August 1992 Kristen Born And First Days Home,1992-08-30,TDKK,n16pMGVP1dA,https://www.youtube.com/watch?v=L5IyBeIHTTg,https://i9.ytimg.com/vi/L5IyBeIHTTg/hqdefault.jpg?sqp=CPCHwtEG&rs=AOn4CLC9sXgY4OU7YH5vCMWiGPzN6YfxLg,2020-08-12T14:26:08Z
1992 Kevin Birthday Gift Opening,MARCH 1992 | KEVIN & COUSIN'S OPEN GIFTS | 8:43 PM | 3/15/92,March 1992 Kevin & Cousin's Open Gifts,1992-03-15,Birthdays,85Qt4SP__nM,https://www.youtube.com/watch?v=GqOgyGfs_A0,https://i9.ytimg.com/vi/GqOgyGfs_A0/hqdefault.jpg?sqp=CPCHwtEG&rs=AOn4CLC-1De1v6Kjn6txF8a4Y5LoqJlMyQ,2020-08-12T14:23:11Z
1992 GRANDMA SEVERINO BDAY,JANUARY 1992 | GRANDMA SEVERINO'S 75TH,January 1992 Grandma Severino's 75Th,1992,Birthdays,pOWJi6rBsq0,https://www.youtube.com/watch?v=n16pMGVP1dA,https://i9.ytimg.com/vi/n16pMGVP1dA/hqdefault.jpg?sqp=CPCHwtEG&rs=AOn4CLD9VYP7y7aECTMkeuBLIOKjkT1bSQ,2020-08-12T14:18:42Z
1991 OCTOBER PUMPKIN PICKING,OCTOBER 1991 | PUMPKIN PICKING | OCT. 14 | 1991,October 1991 Pumpkin Picking,1991,Severino Family,HtSybPMbSJs,https://www.youtube.com/watch?v=85Qt4SP__nM,https://i9.ytimg.com/vi/85Qt4SP__nM/hqdefault.jpg?sqp=CPCHwtEG&rs=AOn4CLDcEMXVuZ0LMczRAhwhYrNfWMJ8jQ,2020-08-12T13:51:18Z
1991 NORWAY,"FALL 1991 | NESHEIM, NORWAY | 24.91","Fall 1991 Nesheim, Norway",1991-09,Moberg Family,3hDdr1MYGvw,https://www.youtube.com/watch?v=pOWJi6rBsq0,https://i9.ytimg.com/vi/pOWJi6rBsq0/hqdefault.jpg?sqp=CPCHwtEG&rs=AOn4CLBCoxNw4d6h5pWYHAqM4XyvyTV3_A,2020-08-12T13:51:18Z
1995 Cypress,MARCH 1995 | CYPRESS HARBOUR,March 1995 Cypress Harbour,1995-4,Florida,hunx2GNkTJk,https://www.youtube.com/watch?v=HtSybPMbSJs,https://i9.ytimg.com/vi/HtSybPMbSJs/hqdefault.jpg?sqp=CPCHwtEG&rs=AOn4CLDHNnef0S20Fayy5ej_U6VQSw6fRQ,2020-08-12T15:37:11Z
1992 EASTER,EASTER 1992 | SEVERINOS,Easter 1992 Severinos,1992-04,Severino Holidays,l5vkPJCyELk,https://www.youtube.com/watch?v=3hDdr1MYGvw,https://i9.ytimg.com/vi/3hDdr1MYGvw/hqdefault.jpg?sqp=CPCHwtEG&rs=AOn4CLCyKuB15BvIOjtr2_zAEp6Hm5jxLA,2020-08-12T13:51:14Z
1991 Disney,SPRING 1991 | WALT DISNEY WORLD | SEVERINOS,Spring 1991 Walt Disney World Severinos,1991-04,Florida,jbew8UNB1yI,https://www.youtube.com/watch?v=hunx2GNkTJk,https://i9.ytimg.com/vi/hunx2GNkTJk/hqdefault.jpg?sqp=CPCHwtEG&rs=AOn4CLDQ3XrYbbX_73WZGfhx1S51Pbx64Q,2020-08-12T13:51:17Z
1992 AUGUST Severinos at the Park,AUGUST 1992 | SEVERINOS AT THE PARK | 8/23/92,August 1992 Severinos At The Park,1992-08-23,Severino Family,jCt9T_ffQCI,https://www.youtube.com/watch?v=l5vkPJCyELk,https://i9.ytimg.com/vi/l5vkPJCyELk/hqdefault.jpg?sqp=CPCHwtEG&rs=AOn4CLBiRnamBbvi67LZBg3IVDZMVb1M0Q,2020-08-12T13:51:14Z
1992 Christmas Severino,CHRISTMAS | 1992 | SEVERINOS | 12/25/92,Christmas 1992 Severinos,1992-12-25,Severino Christmas,jpGfOD0JsN4,https://www.youtube.com/watch?v=jbew8UNB1yI,https://i9.ytimg.com/vi/jbew8UNB1yI/hqdefault.jpg?sqp=CPCHwtEG&rs=AOn4CLDsddLqCiYqjiJyVAnIYRXV1eKgUA,2020-08-12T13:51:05Z
Christmas,CHRISTMAS,Christmas -1960s Part 2,2020 (upload),1960s Sev,PW8gZ43WdYw,https://www.youtube.com/watch?v=jCt9T_ffQCI,https://i9.ytimg.com/vi/jCt9T_ffQCI/hqdefault.jpg?sqp=CPCHwtEG&rs=AOn4CLDjRNbXclR2Gr1ar2jK82vGhWSDWg,2020-08-26T04:15:35Z
1991 Disney,SPRING 1991 | WALT DISNEY WORLD | SEVERINOS,Spring 1991 Walt Disney World Severinos,1991-04,Florida,RN1dC6YhRJM,https://www.youtube.com/watch?v=hunx2GNkTJk,https://i9.ytimg.com/vi/hunx2GNkTJk/hqdefault.jpg?sqp=CPCHwtEG&rs=AOn4CLDQ3XrYbbX_73WZGfhx1S51Pbx64Q,2020-08-12T13:51:17Z
1990 Christmas Eve Moberg,CHRISTMAS EVE | 1990 | MOBERG HOUSE | 12/24/90,Christmas Eve 1990 Moberg House,1990-12-24,Moberg Christmas,LyaHk58pNR4,https://www.youtube.com/watch?v=jpGfOD0JsN4,https://i9.ytimg.com/vi/jpGfOD0JsN4/hqdefault.jpg?sqp=CPCHwtEG&rs=AOn4CLC1bkH6DApR4B1fGySKqPmRGgQMVg,2020-08-12T13:43:39Z
1990 SPRING BBQ,SPRING 1990 | MEMORIAL DAY BBQ,Spring 1990 Memorial Day Bbq,1990-04,Severino Holidays,NRVepzlJ4ec,https://www.youtube.com/watch?v=PW8gZ43WdYw,https://i9.ytimg.com/vi/PW8gZ43WdYw/hqdefault.jpg?sqp=CPCHwtEG&rs=AOn4CLB9uzeizKnwumm6EWOHhMuHjYKiAg,2020-08-12T13:51:09Z
1991 EASTER,EASTER 1991 | SEVERINOS | DLIR! | 16 | MAR | 1991,Easter 1991 Severinos,1991-04,Severino Holidays,jX1rJA9CRX0,https://www.youtube.com/watch?v=RN1dC6YhRJM,https://i9.ytimg.com/vi/RN1dC6YhRJM/hqdefault.jpg?sqp=CPCHwtEG&rs=AOn4CLDNqcW-YZfUiRqkFjpEXuPuWXa1FQ,2020-08-12T13:51:09Z
1991 NORWAY,"FALL 1991 | NESHEIM, NORWAY | 24.91","Fall 1991 Nesheim, Norway",1991-09,Moberg Family,tGfZGyYGLHw,https://www.youtube.com/watch?v=pOWJi6rBsq0,https://i9.ytimg.com/vi/pOWJi6rBsq0/hqdefault.jpg?sqp=CPCHwtEG&rs=AOn4CLBCoxNw4d6h5pWYHAqM4XyvyTV3_A,2020-08-12T13:51:18Z
1999 CYPRESS HARBOUR,APRIL 1999 | CYPRESS HARBOUR,April 1999 Cypress Harbour,1999-04,Florida,kP0_Cq90NGk,https://www.youtube.com/watch?v=LyaHk58pNR4,https://i9.ytimg.com/vi/LyaHk58pNR4/hqdefault.jpg?sqp=CPCHwtEG&rs=AOn4CLB3qlkjZXx5qWi89gC0zzmGrskMBw,2020-08-12T19:30:01Z
1995 FAWCETTS CHARACTER BREAKFAST,MARCH 1995 | DISNEY CHARACTER BREAKFAST | FAWCETTS,March 1995 Disney Character Breakfast Fawcetts,1995-4,Florida,R0R8cKxEH_M,https://www.youtube.com/watch?v=NRVepzlJ4ec,https://i9.ytimg.com/vi/NRVepzlJ4ec/hqdefault.jpg?sqp=CPCHwtEG&rs=AOn4CLDTWB0J7Rn-Yxd8GqGc6QwWAyvxxA,2020-08-12T16:06:28Z
1991 CHRISTMAS MORNING FAWCETTS,CHRISTMAS | MORNING 1991 | FAWCETT HOUSE,Christmas Morning 1991 Fawcett House,1991-12,Moberg Christmas,KUno35ra7fo,https://www.youtube.com/watch?v=jX1rJA9CRX0,https://i9.ytimg.com/vi/jX1rJA9CRX0/hqdefault.jpg?sqp=CPCHwtEG&rs=AOn4CLD3PbA-0lB47LtyBB6DHe5ucwlELg,2020-08-12T13:50:48Z
1995 FAWCETTS CYPRESS,MARCH 1995 | FAWCETTS AT CYPRESS,March 1995 Fawcetts At Cypress,1995-4,Florida,PCQqs2HhQ-U,https://www.youtube.com/watch?v=tGfZGyYGLHw,https://i9.ytimg.com/vi/tGfZGyYGLHw/hqdefault.jpg?sqp=CPCHwtEG&rs=AOn4CLAiK-oFLDpglg_fW_i6JxZmMPA8rQ,2020-08-12T16:06:06Z
1990 Christmas Severinos,CHRISTMAS | 1990 | SEVERINO HOUSE | 12/25/90,Christmas 1990 Severino House,1990-12-25,Severino Christmas,osEUKAcLFu8,https://www.youtube.com/watch?v=kP0_Cq90NGk,https://i9.ytimg.com/vi/kP0_Cq90NGk/hqdefault.jpg?sqp=CPCHwtEG&rs=AOn4CLBzF0_trt4C4Wzk0GttoAk41A7xiw,2020-08-12T13:43:50Z
1990 SPRING BBQ,SPRING 1990 | MEMORIAL DAY BBQ,Spring 1990 Memorial Day Bbq,1990-04,Severino Holidays,cjrElto1f8M,https://www.youtube.com/watch?v=PW8gZ43WdYw,https://i9.ytimg.com/vi/PW8gZ43WdYw/hqdefault.jpg?sqp=CPCHwtEG&rs=AOn4CLB9uzeizKnwumm6EWOHhMuHjYKiAg,2020-08-12T13:51:09Z
1991 EASTER,EASTER 1991 | SEVERINOS | DLIR! | 16 | MAR | 1991,Easter 1991 Severinos,1991-04,Severino Holidays,mmXJRwMZ2w4,https://www.youtube.com/watch?v=RN1dC6YhRJM,https://i9.ytimg.com/vi/RN1dC6YhRJM/hqdefault.jpg?sqp=CPCHwtEG&rs=AOn4CLDNqcW-YZfUiRqkFjpEXuPuWXa1FQ,2020-08-12T13:51:09Z
1991 Nevinwood Pool,JULY 1991 | NEVINWOOD POOL,July 1991 Nevinwood Pool,1991,Moberg Family,CpNoyA4aE_g,https://www.youtube.com/watch?v=R0R8cKxEH_M,https://i9.ytimg.com/vi/R0R8cKxEH_M/hqdefault.jpg?sqp=CPCHwtEG&rs=AOn4CLB4kVesTg7pab5b7SwFWQBCYjQhCw,2020-08-12T13:51:08Z
1965 thru 1968 CHRISTMAS,CHRISTMAS | 1965-1968,Christmas 1965-1968,1965-12,60s Moberg Christmas,MYZEJIJpnMY,https://www.youtube.com/watch?v=KUno35ra7fo,https://i9.ytimg.com/vi/KUno35ra7fo/hqdefault.jpg?sqp=CPCHwtEG&rs=AOn4CLB83dRrJWEChEBjdZJdIdAPRrfAZw,2020-08-12T13:43:51Z
1991 LINDSAY KG,JUNE 1991 | LINDSAY KINDERGARTEN | 6.14.91,June 1991 Lindsay Kindergarten,1991,Fawcett Family,LZHOx2xQ_J4,https://www.youtube.com/watch?v=PCQqs2HhQ-U,https://i9.ytimg.com/vi/PCQqs2HhQ-U/hqdefault.jpg?sqp=CPCHwtEG&rs=AOn4CLC6FNaG-qq1CU6aId7mBX6ENMgAFw,2020-08-12T13:51:06Z
1991 TED'S BIRTHDAY,MARCH 1991 | TED'S 29TH BIRTHDAY | PM 5:40 | MAR. | 10 1991,March 1991 Ted's 29Th Birthday,1991,Birthdays,m1r2OgutEgM,https://www.youtube.com/watch?v=osEUKAcLFu8,https://i9.ytimg.com/vi/osEUKAcLFu8/hqdefault.jpg?sqp=CPCHwtEG&rs=AOn4CLCoANJ6IkUXbkuQ0o3NeaDzgEm4Ug,2020-08-12T13:51:03Z
1991 FAWCETT FIRST DAY,SEPTEMBER 1991 | FAWCETT'S FIRST DAY OF SCHOOL,September 1991 Fawcett's First Day Of School,1991,First Day of School,70Vbh1wf-mQ,https://www.youtube.com/watch?v=cjrElto1f8M,https://i9.ytimg.com/vi/cjrElto1f8M/hqdefault.jpg?sqp=CPCHwtEG&rs=AOn4CLB3XgU_m1rUjfAgUb0xtLpwyss7sA,2020-08-12T13:51:02Z
1991 Petting Zoo Summer 91,SUMMER 1991 | DO | PETTING ZOO | SEVERINO GATHERINGS | 12:42 PM | 19/91,Summer 1991 Petting Zoo Severino Gatherings,1991-07,Severino Family,V0Wok1UbUP4,https://www.youtube.com/watch?v=mmXJRwMZ2w4,https://i9.ytimg.com/vi/mmXJRwMZ2w4/hqdefault.jpg?sqp=CPCHwtEG&rs=AOn4CLDuEt4RiD8oFezrJ1opR_ub9h-oRg,2020-08-12T13:51:01Z
1991 KEVIN'S BIRTHDAY GIFTS,MARCH 1991 | KEVIN'S BIRTHDAY | KEVIN & COUSINS OPEN GIFTS | 10:37 PM | 3/15/91,March 1991 Kevin's Birthday Kevin & Cousins Open Gifts,1991-03-15,Birthdays,LyoCBJMob5s,https://www.youtube.com/watch?v=CpNoyA4aE_g,https://i9.ytimg.com/vi/CpNoyA4aE_g/hqdefault.jpg?sqp=CPCHwtEG&rs=AOn4CLB1boL8sG1WodFS_llstJ1DbztiPQ,2020-08-12T13:51:00Z
1992 ALEX IN SNOW,JANUARY | 1992 | ALEX IN THE SNOW | 0902,1992 Alex In The Snow,1992,Severino Family,MXAr6ssQ3pA,https://www.youtube.com/watch?v=MYZEJIJpnMY,https://i9.ytimg.com/vi/MYZEJIJpnMY/hqdefault.jpg?sqp=CPCHwtEG&rs=AOn4CLBes-erTNhdxDHVKDoMH_JWRwjfYw,2020-08-12T13:50:59Z
1995 CHRISTMAS PROGRAM KEVIN,DECEMBER | 1995 | KEVIN'S CHRISTMAS PROGRAM | DEC! 21 1995,1995 Kevin's Christmas Program,1995-12,Christmas Program,Op22bVInUJo,https://www.youtube.com/watch?v=LZHOx2xQ_J4,https://i9.ytimg.com/vi/LZHOx2xQ_J4/hqdefault.jpg?sqp=CPCHwtEG&rs=AOn4CLDVw2cBynfA1VQsmJs8daET6bpWgw,2020-08-12T15:35:22Z
1989 CHRISTMAS PARTY 1,CHRISTMAS | 1989,Christmas 1989,1989-12,Severino Christmas,WdlgKPK0B8w,https://www.youtube.com/watch?v=m1r2OgutEgM,https://i9.ytimg.com/vi/m1r2OgutEgM/hqdefault.jpg?sqp=CPCHwtEG&rs=AOn4CLBmE1TmytW9H3sjgg9ROWzc042P7Q,2020-08-12T13:43:43Z
1991 GAME FARM FAWCETTS,SUMMER 1991 | LI GAME FARM | LUKE & LINDSAY,Summer 1991 Long Island Game Farm Luke & Lindsay,1991-07,Fawcett Family,_VVIpgoUFqU,https://www.youtube.com/watch?v=70Vbh1wf-mQ,https://i9.ytimg.com/vi/70Vbh1wf-mQ/hqdefault.jpg?sqp=CPCHwtEG&rs=AOn4CLAGhfcYPvxeSPa8jhgrPxwePKpg7A,2020-08-12T13:50:48Z
1995 FAWCETT'S AT DISNEY,MARCH 1995 | WALT DISNEY WORLD | FAWCETTS,March 1995 Walt Disney World Fawcetts,1995-4,Florida,aMfl6vbTUog,https://www.youtube.com/watch?v=V0Wok1UbUP4,https://i9.ytimg.com/vi/V0Wok1UbUP4/hqdefault.jpg?sqp=CPCHwtEG&rs=AOn4CLC9ozQzI4KOHo4TuI_GMJG5T2arYw,2020-08-12T16:07:31Z
1991 STEVEN CHRISTENING PARTY,MARCH 1991 | STEVEN BIRTH | & CHRISTENING,March 1991 Steven Birth & Christening,1991,Fawcett Family,aeJx8Vo9EtE,https://www.youtube.com/watch?v=LyoCBJMob5s,https://i9.ytimg.com/vi/LyoCBJMob5s/hqdefault.jpg?sqp=CPCHwtEG&rs=AOn4CLC4Qnv3IdoL9OrJLpElAmU2huCzeQ,2020-08-12T13:50:48Z
1992 CHRISTMAS EVE MOBERGS,CHRISTMAS EVE | 1992 | MOBERG HOUSE | 7:35 PM | 12/24/92,Christmas Eve 1992 Moberg House,1992-12-24,Moberg Christmas,edDx7rlj4eg,https://www.youtube.com/watch?v=MXAr6ssQ3pA,https://i9.ytimg.com/vi/MXAr6ssQ3pA/hqdefault.jpg?sqp=CPCHwtEG&rs=AOn4CLDbUzgvtzJTk15oWAu44X-9aaONiQ,2020-08-12T13:50:48Z
1991 HALLOWEEN,HALLOWEEN | 1991 | AT THE SEVERINOS | ОCT. | 31 | 1991,Halloween 1991 At The Severinos,1991-10,Halloween,gGRMOaTfD9M,https://www.youtube.com/watch?v=Op22bVInUJo,https://i9.ytimg.com/vi/Op22bVInUJo/hqdefault.jpg?sqp=CPCHwtEG&rs=AOn4CLDQv0DA0ySWyFBgWWVrWdK26JG9fQ,2020-08-12T13:50:48Z
1992 ADVENTURELAND,SUMMER 1992 | ADVENTURELAND,Summer 1992 Adventureland,1992-07,Moberg Family,NED4rgKDhEI,https://www.youtube.com/watch?v=WdlgKPK0B8w,https://i9.ytimg.com/vi/WdlgKPK0B8w/hqdefault.jpg?sqp=CPCHwtEG&rs=AOn4CLC7VTobwHi5DaSkskIXjjgweCjceQ,2020-08-12T13:50:48Z
1991 MOTHERS DAY,MAY 1991 | P MOTHER'S DAY | NAR. 12 1991,May 1991 Mother's Day,1991,Severino Holidays,oqNYDTqZQxA,https://www.youtube.com/watch?v=_VVIpgoUFqU,https://i9.ytimg.com/vi/_VVIpgoUFqU/hqdefault.jpg?sqp=CPCHwtEG&rs=AOn4CLDtc3q-RmKimFHCUATUtj88__X5tw,2020-08-12T13:50:48Z
1991 March Kevin First Birthday,MARCH 1991 | KEVIN'S FIRST BIRTHDAY PARTY | PM9 1 | MAR 45 1991,March 1991 Kevin's First Birthday Party,1991-03-45,Birthdays,rEIxd5Ip4gQ,https://www.youtube.com/watch?v=aMfl6vbTUog,https://i9.ytimg.com/vi/aMfl6vbTUog/hqdefault.jpg?sqp=CPCHwtEG&rs=AOn4CLBoo8si0gSGdvpfTyDdFwFlGgIRhw,2020-08-12T13:50:48Z
1991 LUKES 8TH BIRTHDAY,JUNE 1991 | LUKE'S 8TH BIRTHDAY | 6:1591,June 1991 Luke's 8Th Birthday,1991,Birthdays,sjsRVvRDhgA,https://www.youtube.com/watch?v=aeJx8Vo9EtE,https://i9.ytimg.com/vi/aeJx8Vo9EtE/hqdefault.jpg?sqp=CPCHwtEG&rs=AOn4CLBuPu9-Maf6XGTzUPNx5ONhXVMdsA,2020-08-12T13:50:48Z
1992 ALEX SECOND BDAY,JANUARY | 1992 | ALEX'S SECOND BIRTHDAY,1992 Alex's Second Birthday,1992,Birthdays,tChW68LYH7g,https://www.youtube.com/watch?v=edDx7rlj4eg,https://i9.ytimg.com/vi/edDx7rlj4eg/hqdefault.jpg?sqp=CPCHwtEG&rs=AOn4CLD0Pq9heQeghWbnxnHS_FSrN--1Cg,2020-08-12T13:50:48Z
1991 DECEMBER KEVIN ALEX,DECEMBER 1991 | SEVERINO GATHERINGS,December 1991 Severino Gatherings,1991,Severino Family,y-jK9B7RBPE,https://www.youtube.com/watch?v=gGRMOaTfD9M,https://i9.ytimg.com/vi/gGRMOaTfD9M/hqdefault.jpg?sqp=CPCHwtEG&rs=AOn4CLAhfFIGdpk3cUSAd6BVJrQRNDeXpg,2020-08-12T13:50:48Z
2011 Christmas,CHRISTMAS | 2011 | DEC | 2511 | 6:50 PM,Christmas 2011,2011-12,Severino Christmas,iV-lWq79s98,https://www.youtube.com/watch?v=NED4rgKDhEI,https://i9.ytimg.com/vi/NED4rgKDhEI/hqdefault.jpg?sqp=CPCHwtEG&rs=AOn4CLCuSx6CRdkay831hohotkG182T2Tw,2020-08-27T00:03:20Z
1991 JANUARY Kevin at Home,JANUARY 1991 | KEVIN AT HOME | 1/28791,January 1991 Kevin At Home,1991,TDKK,MlUZ2-_m3mQ,https://www.youtube.com/watch?v=oqNYDTqZQxA,https://i9.ytimg.com/vi/oqNYDTqZQxA/hqdefault.jpg?sqp=CPCHwtEG&rs=AOn4CLAmUsM43lDGofqVUCOyPy6tOox0tA,2020-08-12T13:50:48Z
1992 ALEX CATS,APRIL 1992 | ALEX AND THE CATS,April 1992 Alex And The Cats,1992,Severino Family,RSoIXy8Ae2E,https://www.youtube.com/watch?v=rEIxd5Ip4gQ,https://i9.ytimg.com/vi/rEIxd5Ip4gQ/hqdefault.jpg?sqp=CPCHwtEG&rs=AOn4CLB1qLTdTOb_PhCPXOmPyCjzQqm3zw,2020-08-12T13:50:48Z
1990 NOVEMBER TED AND DAWNS,NOVEMBER | 1990 | FAMILY AT FROG POND,1990 Family At Frog Pond,1990,Severino Family,Yc-vx7ptsdU,https://www.youtube.com/watch?v=sjsRVvRDhgA,https://i9.ytimg.com/vi/sjsRVvRDhgA/hqdefault.jpg?sqp=CPCHwtEG&rs=AOn4CLBxRpnqTtgalLt9PQULHQq9ounRPQ,2020-08-12T13:50:48Z
1991 TOMMYS BIRTHDAY,APRIL 1991 | TOMMY'S BIRTHDAY | PM7:42 | APR 16 | 1991,April 1991 Tommy's Birthday,1991,Birthdays,Ef47Xeh0hNo,https://www.youtube.com/watch?v=tChW68LYH7g,https://i9.ytimg.com/vi/tChW68LYH7g/hqdefault.jpg?sqp=CPCHwtEG&rs=AOn4CLAiczbGaaVe5-qMwsLgEUENsDyfAQ,2020-08-12T13:50:48Z
1990 Ted's Birthday Gathering,MARCH 1990 | TED'S BIRTHDAY | 3/10/90,March 1990 Ted's Birthday,1990-03-10,Birthdays,PRtNKIWw8ys,https://www.youtube.com/watch?v=y-jK9B7RBPE,https://i9.ytimg.com/vi/y-jK9B7RBPE/hqdefault.jpg?sqp=CPCHwtEG&rs=AOn4CLD3ew_tewSUhn_N51uq4YKN-uSHjQ,2020-08-12T13:50:48Z
1989 LINDSAY DANCE,SPRING 1989 | LINDSAY'S DANCE RECITAL,Spring 1989 Lindsay's Dance Recital,1989-04,Fawcett Family,NF5b8NP_GNI,https://www.youtube.com/watch?v=iV-lWq79s98,https://i9.ytimg.com/vi/iV-lWq79s98/hqdefault.jpg?sqp=CPCHwtEG&rs=AOn4CLBMtEmk8vjzXtMSpsuQpcOPW3006Q,2020-08-12T13:43:57Z
1980 Severinos at the Cabin,"1980s | MARGARETVILLE, | NY","Margaretville, Ny",1980,Severino Family,kNFgIrt9ZMI,https://www.youtube.com/watch?v=MlUZ2-_m3mQ,https://i9.ytimg.com/vi/MlUZ2-_m3mQ/hqdefault.jpg?sqp=CPCHwtEG&rs=AOn4CLDddN_3lb9jfMZ6t1Mag1N6warH9w,2020-08-12T13:43:54Z
1989 LUKE BASEBALL,SPRING 1989 | LUKE'S BASEBALL GAME,Spring 1989 Luke's Baseball Game,1989-04,Fawcett Family,o2WrwGoj_tU,https://www.youtube.com/watch?v=RSoIXy8Ae2E,https://i9.ytimg.com/vi/RSoIXy8Ae2E/hqdefault.jpg?sqp=CPCHwtEG&rs=AOn4CLB3_r0Wwq-HVxMZLQnRWVk9kFePvw,2020-08-12T13:43:53Z
1990 Fall Kevin Walking Teeth,FALL 1990 | KEVIN LEARNING TO WALK | 9/21/90,Fall 1990 Kevin Learning To Walk,1990-09-21,TDKK,iygRJCfgcpE,https://www.youtube.com/watch?v=Yc-vx7ptsdU,https://i9.ytimg.com/vi/Yc-vx7ptsdU/hqdefault.jpg?sqp=CPCHwtEG&rs=AOn4CLAW2Gurv3GD7qgKOMbXsKhiVwS6Jg,2020-08-12T13:43:53Z
1988 SYLVIA ED SEATTLE,SEATTLE 1988,Seattle 1988,1988,Moberg Family,obnZtVbN1vo,https://www.youtube.com/watch?v=Ef47Xeh0hNo,https://i9.ytimg.com/vi/Ef47Xeh0hNo/hqdefault.jpg?sqp=CPCHwtEG&rs=AOn4CLDh8mEFjIo7hhfrajmp0uiX7qo3rQ,2020-08-12T13:43:52Z
1988 PORTLAND TRIP,AUGUST 1988 | SYLVIA AND ED VISIT PORTLAND,August 1988 Sylvia And Ed Visit Portland,1988,Moberg Family,S7MepT-YtRw,https://www.youtube.com/watch?v=PRtNKIWw8ys,https://i9.ytimg.com/vi/PRtNKIWw8ys/hqdefault.jpg?sqp=CPCHwtEG&rs=AOn4CLDnxm8kZjQcRHvaVKzKaVk-GTLqQQ,2020-08-12T13:43:52Z
1989 christmas EVE at mobergs,CHRISTMAS EVE | 1989 | MOBERG HOUSE,Christmas Eve 1989 Moberg House,1989-12,Moberg Christmas,PQuqHT83fLQ,https://www.youtube.com/watch?v=NF5b8NP_GNI,https://i9.ytimg.com/vi/NF5b8NP_GNI/hqdefault.jpg?sqp=CPCHwtEG&rs=AOn4CLB9QPVj7ugr0rtK3oRdz5UZm5aGOw,2020-08-12T13:43:39Z
1962 SUMMER & DEBBIES FIRST BIRTHDAY,SUMMER 1962 | & DEBBIE'S FIRST BIRTHDAY,Summer 1962 & Debbie's First Birthday,1962-07,Birthdays,RQazH907vZw,https://www.youtube.com/watch?v=kNFgIrt9ZMI,https://i9.ytimg.com/vi/kNFgIrt9ZMI/hqdefault.jpg?sqp=CPCHwtEG&rs=AOn4CLDqPIjzP4PQF_S34OU7x5Eh9wLv-g,2020-08-12T13:43:51Z
1996 CHRISTMAS MORNING SEVERINOS,CHRISTMAS | MORNING 1996 | SEVERINOS | DEC. 25 | 1996,Christmas Morning 1996 Severinos,1996-12,Severino Christmas,SsR6IvGy-rk,https://www.youtube.com/watch?v=o2WrwGoj_tU,https://i9.ytimg.com/vi/o2WrwGoj_tU/hqdefault.jpg?sqp=CPCHwtEG&rs=AOn4CLASKDbGlSQvwHU8n3Z62MfzVNJZVg,2020-08-12T19:12:04Z
1990 Thanksgiving Severinos,THANKSGIVING | 1990 | SEVERINO HOUSE | /22/90K,Thanksgiving 1990 Severino House,1990-11,Severino Holidays,__bTBIULW8k,https://www.youtube.com/watch?v=iygRJCfgcpE,https://i9.ytimg.com/vi/iygRJCfgcpE/hqdefault.jpg?sqp=CPCHwtEG&rs=AOn4CLAXHfsfwZhsJj5rPPGSEnOUvK8afg,2020-08-12T13:43:50Z
1988 CHRISTMAS SEVERINOS,CHRISTMAS | 1988,Christmas 1988,1988-12,Severino Christmas,YZqLGUhrygg,https://www.youtube.com/watch?v=obnZtVbN1vo,https://i9.ytimg.com/vi/obnZtVbN1vo/hqdefault.jpg?sqp=CPCHwtEG&rs=AOn4CLDX4Elnl2bpPSzqcRHgNQQpLCYskg,2020-08-12T13:43:47Z
1987 DAWN TED WEDDING RECEPTION,JANUARY 1987 | DAWN AND TED WEDDING RECEPTION,January 1987 Dawn And Ted Wedding Reception,1987-06,TDKK,6fXLLwZPfOA,https://www.youtube.com/watch?v=S7MepT-YtRw,https://i9.ytimg.com/vi/S7MepT-YtRw/hqdefault.jpg?sqp=CPCHwtEG&rs=AOn4CLAMWGEsFRm9pyB3xjk56gshighCSw,2020-08-12T13:43:49Z
1989 LINDSAY DANCE,SPRING 1989 | LINDSAY'S DANCE RECITAL,Spring 1989 Lindsay's Dance Recital,1989-04,Fawcett Family,hOvP7OByYzE,https://www.youtube.com/watch?v=iV-lWq79s98,https://i9.ytimg.com/vi/iV-lWq79s98/hqdefault.jpg?sqp=CPCHwtEG&rs=AOn4CLBMtEmk8vjzXtMSpsuQpcOPW3006Q,2020-08-12T13:43:57Z
1989 CHRISTMAS SEVERINOS,CHRISTMAS | 1989 | SEVERINO HOUSE,Christmas 1989 Severino House,1989-12,Severino Christmas,UhCuj0270tI,https://www.youtube.com/watch?v=PQuqHT83fLQ,https://i9.ytimg.com/vi/PQuqHT83fLQ/hqdefault.jpg?sqp=CPCHwtEG&rs=AOn4CLC4xQMHewtoo2gbDrWgvMJgomYtzA,2020-08-12T13:43:41Z
1962 SUMMER & DEBBIES FIRST BIRTHDAY,SUMMER 1962 | & DEBBIE'S FIRST BIRTHDAY,Summer 1962 & Debbie's First Birthday,1962-07,Birthdays,zAjqWg2o5iA,https://www.youtube.com/watch?v=kNFgIrt9ZMI,https://i9.ytimg.com/vi/kNFgIrt9ZMI/hqdefault.jpg?sqp=CPCHwtEG&rs=AOn4CLDqPIjzP4PQF_S34OU7x5Eh9wLv-g,2020-08-12T13:43:51Z
1963 CHRISTMAS,CHRISTMAS | 1963,Christmas 1963,1963-12,60s Moberg Christmas,BYgRgxmYjo8,https://www.youtube.com/watch?v=RQazH907vZw,https://i9.ytimg.com/vi/RQazH907vZw/hqdefault.jpg?sqp=CPCHwtEG&rs=AOn4CLDo9S2yiQAO0XrWEzaAYHLy8F6uHQ,2020-08-12T13:43:27Z
1994 CHRISTMAS SEVERINOS,CHRISTMAS | 1994 | SEVERINO HOUSE | DEC.25 1994,Christmas 1994 Severino House,1994-12-25,Severino Christmas,UUO3NdkcwHw,https://www.youtube.com/watch?v=SsR6IvGy-rk,https://i9.ytimg.com/vi/SsR6IvGy-rk/hqdefault.jpg?sqp=CPCHwtEG&rs=AOn4CLCOB8H43PEPu8y577yf6ex0WmrrXQ,2020-08-12T15:38:17Z
1988 HANS RINGDAHLS 99TH,SEPTEMBER | 1988 | HANS RINGDAHL'S 99TH BIRTHDAY,1988 Hans Ringdahl's 99Th Birthday,1988,Birthdays,k-397Nz3ieg,https://www.youtube.com/watch?v=__bTBIULW8k,https://i9.ytimg.com/vi/__bTBIULW8k/hqdefault.jpg?sqp=CPCHwtEG&rs=AOn4CLAW29wgeRtMyFSIKX8aKnUhY6CPVw,2020-08-12T13:43:46Z
1987 FALL,FALL 1987,Fall 1987,1987-09,Severino Family,I5Ixp9j9ofo,https://www.youtube.com/watch?v=YZqLGUhrygg,https://i9.ytimg.com/vi/YZqLGUhrygg/hqdefault.jpg?sqp=CPCHwtEG&rs=AOn4CLDt7TEpoP9XpYda4Bxqwdb1myDJsw,2020-08-12T13:43:45Z
1989 HANS RINGDAHL 100TH,SEPTEMBER | 1989 | HAN'S RINGDAHL'S 100TH BIRTHDAY,1989 Han's Ringdahl's 100Th Birthday,1989,Birthdays,Vv-G8MEDThg,https://www.youtube.com/watch?v=6fXLLwZPfOA,https://i9.ytimg.com/vi/6fXLLwZPfOA/hqdefault.jpg?sqp=CPCHwtEG&rs=AOn4CLAwrsVyVtsQekxx4FWr6Sx-47dU1A,2020-08-12T13:43:43Z
1965 CATSKILL GAME FARM,SUMMER 1965 | CATSKILL GAME FARM,Summer 1965 Catskill Game Farm,1965-07,1960s Sev,wmZUuYudpb8,https://www.youtube.com/watch?v=hOvP7OByYzE,https://i9.ytimg.com/vi/hOvP7OByYzE/hqdefault.jpg?sqp=CPCHwtEG&rs=AOn4CLB8FeA15NA4-tis6t3irtYDN1F80w,2020-08-12T13:43:43Z
1993 CHRISTMAS FAWCETTS,CHRISTMAS | 1993 | FAWCETT'S OPENING GIFTS | 12.24.93,Christmas 1993 Fawcett's Opening Gifts,1993-12,Christmas Morn Faw,xOUiZ30Dm3E,https://www.youtube.com/watch?v=UhCuj0270tI,https://i9.ytimg.com/vi/UhCuj0270tI/hqdefault.jpg?sqp=CPCHwtEG&rs=AOn4CLDXADHt1CIKB7weJ7p0VHo8ezCuaA,2020-08-12T15:00:23Z
1988 LUKE'S NURSERY GRADUATION,JUNE 1988 | LUKE'S NURSERY SCHOOL | GRADUATION,June 1988 Luke's Nursery School Graduation,1988-06,Fawcett Family,mbpIObjZocg,https://www.youtube.com/watch?v=zAjqWg2o5iA,https://i9.ytimg.com/vi/zAjqWg2o5iA/hqdefault.jpg?sqp=CPCHwtEG&rs=AOn4CLALxTzfFg9898tnmV3GieCOO9foSg,2020-08-12T13:43:43Z
1988 LEANNE'S BIRTHDAY,OCTOBER 1988 | LEANNE'S DAY OF BIRTH,October 1988 Leanne's Day Of Birth,1988,Fawcett Family,8oz7Ls_yucg,https://www.youtube.com/watch?v=BYgRgxmYjo8,https://i9.ytimg.com/vi/BYgRgxmYjo8/hqdefault.jpg?sqp=CPCHwtEG&rs=AOn4CLBskAPOsZwmeFyQqIlIiR7lQ5-QZw,2020-08-12T13:43:41Z
1987 CHRISTMAS,CHRISTMAS | 1987,Christmas 1987,1987-12,Severino Christmas,Balj3ujV_qk,https://www.youtube.com/watch?v=UUO3NdkcwHw,https://i9.ytimg.com/vi/UUO3NdkcwHw/hqdefault.jpg?sqp=CPCHwtEG&rs=AOn4CLC3RLdidOQpPIfvc4xx0FKFonzoKw,2020-08-12T13:43:39Z
1987 THANKSGIVING SEVERINOS,THANKSGIVING | 1987,Thanksgiving 1987,1987-11,Severino Holidays,h9shF-_8OBk,https://www.youtube.com/watch?v=k-397Nz3ieg,https://i9.ytimg.com/vi/k-397Nz3ieg/hqdefault.jpg?sqp=CPCHwtEG&rs=AOn4CLBHAZF1LbIJ6UNoDnJAafmX2cS-sQ,2020-08-12T13:43:40Z
1960 SUMMER,SUMMER 1960,Summer 1960,1960-07,Moberg Classics,yW9WvLJb_SE,https://www.youtube.com/watch?v=I5Ixp9j9ofo,https://i9.ytimg.com/vi/I5Ixp9j9ofo/hqdefault.jpg?sqp=CPCHwtEG&rs=AOn4CLCg0mMNd0m3qcfSKn2O2XBRQe17TA,2020-08-12T13:43:39Z
1991 Christmas Eve Mobergs,CHRISTMAS EVE | 1991 | MOBERG HOUSE | PART 2 | 224/91,Christmas Eve 1991 Moberg House Part,1991-12,Moberg Christmas,-vkZkVlY-ew,https://www.youtube.com/watch?v=Vv-G8MEDThg,https://i9.ytimg.com/vi/Vv-G8MEDThg/hqdefault.jpg?sqp=CPCHwtEG&rs=AOn4CLCdGf0Rjyxn3YjM7o7EmrzcP3G3xQ,2020-08-12T13:51:07Z
1995 CHRISTMAS SEVERINOS,CHRISTMAS | 1995 | SEVERINO HOUSE | DEC. 25 | 1993,Christmas 1995 Severino House,1995-12,Severino Christmas,573h6ajsAag,https://www.youtube.com/watch?v=wmZUuYudpb8,https://i9.ytimg.com/vi/wmZUuYudpb8/hqdefault.jpg?sqp=CPCHwtEG&rs=AOn4CLBN9F0H5vIRDogPkClDtDSjRamipw,2020-08-12T14:52:11Z
1991 Christmas Severinos PARTY Frog Pond,CHRISTMAS 1991 | SEVERINO PARTY AT FROG POND,Christmas 1991 Severino Party At Frog Pond,1991-12,Severino Christmas,7w2T3IzESzE,https://www.youtube.com/watch?v=xOUiZ30Dm3E,https://i9.ytimg.com/vi/xOUiZ30Dm3E/hqdefault.jpg?sqp=CPCHwtEG&rs=AOn4CLAOsICMIscxQ9217PWHXzow-BKUuQ,2020-08-12T13:51:10Z
1988? GRANDMA SEV BDAY,JANURY 1980s | GRANDMA SEVERINO'S BIRTHDAY,January 1980s Grandma Severino's Birthday,1988,Birthdays,yVU_-SkHv8k,https://www.youtube.com/watch?v=mbpIObjZocg,https://i9.ytimg.com/vi/mbpIObjZocg/hqdefault.jpg?sqp=CPCHwtEG&rs=AOn4CLDbT6gQxLdroQFoaqIQ5HWhW5IH0g,2020-08-12T13:43:39Z
1988? TONY BDAY SURPRISE,APRIL 1980s | TONY'S SURPRISE PARTY,April 1980s Tony's Surprise Party,1988,Birthdays,zD9W_NI3Sd0,https://www.youtube.com/watch?v=8oz7Ls_yucg,https://i9.ytimg.com/vi/8oz7Ls_yucg/hqdefault.jpg?sqp=CPCHwtEG&rs=AOn4CLBm8rHE2HtDzQjMnOXzvSIUg3zJXA,2020-08-12T13:43:28Z
1964 DEBBIES 3RD BIRTHDAY,SUMMER 1964 | & DEBBIE'S THIRD BIRTHDAY,Summer 1964 & Debbie's Third Birthday,1964-07,Birthdays,lKYDxkGiS5E,https://www.youtube.com/watch?v=Balj3ujV_qk,https://i9.ytimg.com/vi/Balj3ujV_qk/hqdefault.jpg?sqp=CPCHwtEG&rs=AOn4CLBoHaqLL_6HJldIafWIdMSyvwFZgQ,2020-08-12T13:43:28Z
1990 February Willow Valley,FEBRUARY | 1990 | WILLOW VALLEY,1990 Willow Valley,1990,Moberg Family,pLKKZpvf3i4,https://www.youtube.com/watch?v=h9shF-_8OBk,https://i9.ytimg.com/vi/h9shF-_8OBk/hqdefault.jpg?sqp=CPCHwtEG&rs=AOn4CLAKiUUsSfhGicp5CG1T5LlLiiy8jg,2020-08-12T13:43:28Z
1988 Star Trek,SPRING 1988 | STAR TREK ADVENTURE,Spring 1988 Star Trek Adventure,1988-04,Florida,wVJbEkKzR7M,https://www.youtube.com/watch?v=yW9WvLJb_SE,https://i9.ytimg.com/vi/yW9WvLJb_SE/hqdefault.jpg?sqp=CPCHwtEG&rs=AOn4CLBEBOESb7BlFtBBBClyXnCpUMwSTA,2020-08-12T13:43:28Z
1989 Rose's 50th Birthday,MARCH 1989 | ROSE'S 50TH BIRTHDAY,March 1989 Rose's 50Th Birthday,1989,Birthdays,,https://www.youtube.com/watch?v=-vkZkVlY-ew,https://i9.ytimg.com/vi/-vkZkVlY-ew/hqdefault.jpg?sqp=CPCHwtEG&rs=AOn4CLAlrmlAUPllnn8h1qL2f-Y-3E90Fg,2020-08-12T13:43:27Z
1990 Kevin's Christening,JUNE 1990 | KEVIN'S CHRISTENING,June 1990 Kevin's Christening,1990,TDKK,,https://www.youtube.com/watch?v=573h6ajsAag,https://i9.ytimg.com/vi/573h6ajsAag/hqdefault.jpg?sqp=CPCHwtEG&rs=AOn4CLCyCKmwfIbBOfIIBpJU6r-swBFB9g,2020-08-12T13:43:27Z
1963 SUMMER,SUMMER 1963,Summer 1963,1963-07,Moberg Classics,,https://www.youtube.com/watch?v=7w2T3IzESzE,https://i9.ytimg.com/vi/7w2T3IzESzE/hqdefault.jpg?sqp=CPCHwtEG&rs=AOn4CLBstOwev4Q0AeTYJbi-KbgyBYv_FA,2020-08-12T13:43:27Z
1988 CHRISTMAS MOBERG,CHRISTMAS | 1988,Christmas 1988,1988-12,Moberg Christmas,,https://www.youtube.com/watch?v=yVU_-SkHv8k,https://i9.ytimg.com/vi/yVU_-SkHv8k/hqdefault.jpg?sqp=CPCHwtEG&rs=AOn4CLC7VP-4H3YfPinLhVbPpEFf2Z6JIg,2020-08-12T13:43:28Z
CHRISTMAS74 75,CHRISTMAS | 1975,Christmas 1975,1975-12,60s Moberg Christmas,,https://www.youtube.com/watch?v=zD9W_NI3Sd0,https://i9.ytimg.com/vi/zD9W_NI3Sd0/hqdefault.jpg?sqp=CPCHwtEG&rs=AOn4CLBwEoiActwMPu4AXU4hZAIiFeoQlg,2020-12-23T14:03:52Z
1990 FAWCETT FIRST DAY,121 | SEPTEMBER | 1990 | FAWCETT'S FIRST DAY OF SCHOOL,1990 Fawcett's First Day Of School,1990,First Day of School,,https://www.youtube.com/watch?v=lKYDxkGiS5E,https://i9.ytimg.com/vi/lKYDxkGiS5E/hqdefault.jpg?sqp=CPCHwtEG&rs=AOn4CLCI8uuD0vWCeRJgaMzBll4RPYfceQ,2020-08-12T13:43:27Z
1987 CABIN SEVERINOS,FALL 1987 | SEVERINOS AT THE CABIN,Fall 1987 Severinos At The Cabin,1987-09,Severino Family,,https://www.youtube.com/watch?v=pLKKZpvf3i4,https://i9.ytimg.com/vi/pLKKZpvf3i4/hqdefault.jpg?sqp=CPCHwtEG&rs=AOn4CLALJ_pHebcit4Q6PX7eDq9EIudNXg,2020-08-12T13:43:27Z
1964 DAWNS FIRST BIRTHDAY,SUMMER 1964 | & DAWN'S FIRST BIRTHDAY,Summer 1964 & Dawn's First Birthday,1964-07,Birthdays,,https://www.youtube.com/watch?v=wVJbEkKzR7M,https://i9.ytimg.com/vi/wVJbEkKzR7M/hqdefault.jpg?sqp=CPCHwtEG&rs=AOn4CLB5SiXRps4noD9ae2-vB0kSJmNhiw,2020-08-12T13:43:27Z